LocalTimestamp,TH,BI,EL,HR,PI,PR,T1,EA,PG
2023-08-06 07:16:53,36.85,560.0,0.0,101.0,949532.0,572731.0,39.392,4.936249,38216.0
2023-08-06 07:16:54,37.032,640.0,0.0,99.0,190050.0,114585.0,39.5,2.480429,7716.0
2023-08-06 07:16:55,36.981,720.0,0.0,96.0,190054.0,114584.0,39.497,2.485732,7721.0
2023-08-06 07:16:56,37.044,640.0,0.0,93.0,190048.0,114582.0,39.533,2.478659,7734.0
2023-08-06 07:16:57,37.073,640.0,0.0,95.0,190104.0,114584.0,39.532,2.470752,7773.0
2023-08-06 07:16:58,37.046,720.0,0.0,92.0,190141.0,114593.0,39.495,2.462896,7769.0
2023-08-06 07:16:59,37.094,760.0,0.0,90.0,190103.0,114569.0,39.463,2.457679,7750.0
2023-08-06 07:17:00,37.063,640.0,0.0,91.0,190047.0,114562.0,39.511,2.462023,7738.0
2023-08-06 07:17:01,37.084,640.0,0.0,93.0,189992.0,114536.0,39.508,2.459419,7715.0
2023-08-06 07:17:02,37.038,720.0,0.0,91.0,189897.0,114510.0,39.518,2.457679,7667.0
2023-08-06 07:17:03,37.046,640.0,0.0,95.0,189700.0,114464.0,39.478,2.455946,7568.0
2023-08-06 07:17:04,37.031,600.0,0.0,97.0,189627.0,114450.0,39.542,2.456821,7536.0
2023-08-06 07:17:05,37.133,680.0,0.0,95.0,189656.0,114475.0,39.621,2.457679,7548.0
2023-08-06 07:17:06,37.094,680.0,0.0,95.0,189679.0,114479.0,39.561,2.459419,7564.0
2023-08-06 07:17:07,37.106,600.0,0.0,95.0,189726.0,114495.0,39.562,2.455946,7599.0
2023-08-06 07:17:08,37.104,680.0,0.0,96.0,189773.0,114505.0,39.6,2.456821,7631.0
2023-08-06 07:17:09,37.062,680.0,0.0,93.0,189766.0,114505.0,39.55,2.463764,7618.0
2023-08-06 07:17:10,37.079,640.0,0.0,96.0,189724.0,114474.0,39.517,2.457679,7586.0
2023-08-06 07:17:11,37.077,600.0,0.0,97.0,189720.0,114479.0,39.594,2.459419,7587.0
2023-08-06 07:17:12,37.113,720.0,0.0,94.0,189653.0,114454.0,39.679,2.458555,7551.0
2023-08-06 07:17:13,37.154,600.0,0.0,96.0,189596.0,114442.0,39.607,2.456821,7553.0
2023-08-06 07:17:14,37.14,640.0,0.0,96.0,189665.0,114465.0,39.609,2.451629,7581.0
2023-08-06 07:17:15,37.183,680.0,0.0,94.0,189657.0,114468.0,39.67,2.45077,7595.0
2023-08-06 07:17:16,37.168,560.0,0.0,99.0,189687.0,114462.0,39.686,2.451629,7609.0
2023-08-06 07:17:17,37.166,720.0,0.0,96.0,189735.0,114474.0,39.643,2.451629,7626.0
2023-08-06 07:17:18,37.178,640.0,0.0,96.0,189750.0,114471.0,39.679,2.449912,7622.0
2023-08-06 07:17:19,37.161,600.0,0.0,97.0,189773.0,114456.0,39.669,2.454223,7652.0
2023-08-06 07:17:20,37.12,720.0,0.0,99.0,189825.0,114472.0,39.668,2.45077,7680.0
2023-08-06 07:17:21,37.125,720.0,0.0,93.0,189810.0,114465.0,39.686,2.445616,7655.0
2023-08-06 07:17:22,37.151,560.0,0.0,99.0,189649.0,114415.0,39.703,2.444749,7604.0
2023-08-06 07:17:23,37.156,600.0,0.0,101.0,189591.0,114403.0,39.753,2.446471,7588.0
2023-08-06 07:17:24,37.192,560.0,0.0,105.0,189613.0,114402.0,39.693,2.446471,7601.0
2023-08-06 07:17:25,37.195,560.0,0.0,105.0,189763.0,114444.0,39.694,2.449048,7664.0
2023-08-06 07:17:26,37.236,720.0,0.0,104.0,189796.0,114451.0,39.708,2.446471,7664.0
2023-08-06 07:17:27,37.236,680.0,0.0,97.0,189767.0,114447.0,39.738,2.444749,7656.0
2023-08-06 07:17:28,37.192,640.0,0.0,99.0,189738.0,114435.0,39.751,2.441329,7638.0
2023-08-06 07:17:29,37.233,640.0,0.0,98.0,189732.0,114436.0,39.821,2.444749,7627.0
2023-08-06 07:17:30,37.298,720.0,0.0,94.0,189676.0,114413.0,39.742,2.444749,7613.0
2023-08-06 07:17:31,37.298,560.0,0.0,99.0,189645.0,114398.0,39.715,2.584347,7599.0
2023-08-06 07:17:32,37.259,680.0,0.0,97.0,189646.0,114402.0,39.762,2.613423,7607.0
2023-08-06 07:17:33,37.206,680.0,0.0,95.0,189516.0,114362.0,39.798,2.591076,7556.0
2023-08-06 07:17:34,37.25,560.0,0.0,100.0,189359.0,114336.0,39.747,2.530858,7524.0
2023-08-06 07:17:35,37.25,600.0,0.0,100.0,189426.0,114376.0,39.766,2.492839,7567.0
2023-08-06 07:17:36,37.213,640.0,0.0,98.0,189451.0,114389.0,39.742,2.475137,7579.0
2023-08-06 07:17:37,37.233,600.0,0.0,98.0,189528.0,114410.0,39.817,2.472506,7611.0
2023-08-06 07:17:38,37.252,600.0,0.0,99.0,189595.0,114429.0,39.855,2.489284,7634.0
2023-08-06 07:17:39,37.276,720.0,0.0,95.0,189551.0,114406.0,39.793,2.491057,7595.0
2023-08-06 07:17:40,37.238,640.0,0.0,98.0,189482.0,114389.0,39.9,2.475137,7570.0
2023-08-06 07:17:41,37.276,640.0,0.0,98.0,189541.0,114383.0,39.788,2.462023,7569.0
2023-08-06 07:17:42,37.262,600.0,0.0,98.0,189617.0,114394.0,39.742,2.461157,7596.0
2023-08-06 07:17:43,37.254,760.0,0.0,94.0,189613.0,114405.0,39.866,2.455084,7580.0
2023-08-06 07:17:44,37.31,640.0,0.0,94.0,189655.0,114411.0,39.85,2.458555,7619.0
2023-08-06 07:17:45,37.293,680.0,0.0,94.0,189719.0,114441.0,39.806,2.462896,7638.0
2023-08-06 07:17:46,37.278,720.0,0.0,90.0,189767.0,114437.0,39.867,2.472506,7639.0
2023-08-06 07:17:47,37.305,640.0,0.0,92.0,189718.0,114414.0,39.876,2.468996,7623.0
2023-08-06 07:17:48,37.329,600.0,0.0,97.0,189703.0,114396.0,39.875,2.517148,7631.0
2023-08-06 07:17:49,37.317,720.0,0.0,94.0,189684.0,114391.0,39.824,2.574805,7609.0
2023-08-06 07:17:50,37.356,640.0,0.0,95.0,189439.0,114304.0,39.886,2.570053,7507.0
2023-08-06 07:17:51,37.348,560.0,0.0,98.0,189335.0,114281.0,39.894,2.529942,7499.0
2023-08-06 07:17:52,37.341,640.0,0.0,100.0,189359.0,114302.0,39.856,2.481303,7523.0
2023-08-06 07:17:53,37.307,680.0,0.0,99.0,189348.0,114301.0,39.876,2.477774,7525.0
2023-08-06 07:17:54,37.314,640.0,0.0,98.0,189483.0,114333.0,39.869,2.61931,7590.0
2023-08-06 07:17:55,37.331,680.0,0.0,98.0,189527.0,114350.0,39.956,2.657256,7618.0
2023-08-06 07:17:56,37.38,720.0,0.0,93.0,189549.0,114346.0,39.882,2.611457,7609.0
2023-08-06 07:17:57,37.358,600.0,0.0,96.0,189317.0,114289.0,39.919,2.550305,7530.0
2023-08-06 07:17:58,37.338,560.0,0.0,100.0,189232.0,114270.0,39.903,2.54286,7525.0
2023-08-06 07:17:59,37.343,680.0,0.0,98.0,189259.0,114284.0,39.906,2.526273,7534.0
2023-08-06 07:18:00,37.411,640.0,0.0,97.0,189214.0,114274.0,39.906,2.507196,7528.0
2023-08-06 07:18:01,37.403,640.0,0.0,96.0,189319.0,114294.0,39.929,2.49017,7568.0
2023-08-06 07:18:02,37.403,680.0,0.0,95.0,189385.0,114322.0,39.97,2.48396,7588.0
2023-08-06 07:18:03,37.396,680.0,0.0,92.0,189416.0,114328.0,40.017,2.483078,7589.0
2023-08-06 07:18:04,37.425,640.0,0.0,94.0,189352.0,114296.0,39.942,2.527186,7547.0
2023-08-06 07:18:05,37.391,600.0,0.0,97.0,189341.0,114279.0,39.953,2.581478,7528.0
2023-08-06 07:18:06,37.449,680.0,0.0,95.0,189338.0,114279.0,39.935,2.584347,7525.0
2023-08-06 07:18:07,37.449,600.0,0.0,97.0,189192.0,114246.0,39.972,2.566267,7470.0
2023-08-06 07:18:08,37.403,600.0,0.0,98.0,189232.0,114260.0,39.973,2.531774,7512.0
2023-08-06 07:18:09,37.415,680.0,0.0,98.0,189277.0,114280.0,39.975,2.520797,7542.0
2023-08-06 07:18:10,37.449,680.0,0.0,94.0,189298.0,114288.0,39.956,2.513516,7547.0
2023-08-06 07:18:11,37.449,640.0,0.0,94.0,189394.0,114308.0,40.033,2.514426,7581.0
2023-08-06 07:18:12,37.427,680.0,0.0,93.0,189474.0,114324.0,40.096,2.510803,7616.0
2023-08-06 07:18:13,37.48,760.0,0.0,94.0,189512.0,114328.0,40.026,2.508095,7631.0
2023-08-06 07:18:14,37.471,680.0,0.0,90.0,189425.0,114305.0,40.059,2.503586,7583.0
2023-08-06 07:18:15,37.456,640.0,0.0,92.0,189389.0,114278.0,40.051,2.531774,7571.0
2023-08-06 07:18:16,37.439,640.0,0.0,94.0,189374.0,114251.0,39.956,2.582431,7577.0
2023-08-06 07:18:17,37.473,720.0,0.0,91.0,189369.0,114248.0,39.967,2.591076,7568.0
2023-08-06 07:18:18,37.48,640.0,0.0,92.0,189191.0,114191.0,40.019,2.572903,7510.0
2023-08-06 07:18:19,37.48,600.0,0.0,94.0,189128.0,114185.0,40.015,2.534546,7515.0
2023-08-06 07:18:20,37.468,680.0,0.0,97.0,189117.0,114183.0,40.043,2.540082,7519.0
2023-08-06 07:18:21,37.509,680.0,0.0,93.0,189030.0,114165.0,40.081,2.535465,7501.0
2023-08-06 07:18:22,37.516,640.0,0.0,95.0,188952.0,114148.0,40.047,2.519876,7483.0
2023-08-06 07:18:23,37.47,600.0,0.0,97.0,188963.0,114149.0,40.081,2.511711,7492.0
2023-08-06 07:18:24,37.497,640.0,0.0,96.0,188991.0,114165.0,40.049,2.511711,7491.0
2023-08-06 07:18:25,37.48,680.0,0.0,94.0,188939.0,114152.0,40.182,2.510803,7462.0
2023-08-06 07:18:26,37.504,640.0,0.0,94.0,188941.0,114150.0,40.056,2.512613,7466.0
2023-08-06 07:18:27,37.465,600.0,0.0,96.0,189031.0,114172.0,40.072,2.508988,7488.0
2023-08-06 07:18:28,37.509,680.0,0.0,95.0,189074.0,114185.0,40.145,2.508988,7515.0
2023-08-06 07:18:29,37.504,720.0,0.0,92.0,189066.0,114177.0,40.148,2.511711,7482.0
2023-08-06 07:18:30,37.511,600.0,0.0,97.0,189036.0,114144.0,40.049,2.642141,7467.0
2023-08-06 07:18:31,37.53,680.0,0.0,95.0,189034.0,114148.0,40.156,2.700499,7466.0
2023-08-06 07:18:32,37.53,640.0,0.0,96.0,188835.0,114101.0,40.062,2.672539,7377.0
2023-08-06 07:18:33,37.538,520.0,0.0,103.0,188654.0,114065.0,40.204,2.606576,7342.0
2023-08-06 07:18:34,37.595,520.0,0.0,106.0,188707.0,114105.0,40.164,2.582431,7381.0
2023-08-06 07:18:35,37.533,600.0,0.0,107.0,188860.0,114145.0,40.145,2.555917,7429.0
2023-08-06 07:18:36,37.564,680.0,0.0,103.0,188903.0,114150.0,40.189,2.5578,7435.0
2023-08-06 07:18:37,37.511,600.0,0.0,101.0,188991.0,114170.0,40.243,2.565326,7460.0
2023-08-06 07:18:38,37.549,640.0,0.0,99.0,189115.0,114179.0,40.121,2.560616,7512.0
2023-08-06 07:18:39,37.557,560.0,0.0,100.0,189298.0,114227.0,40.176,2.567216,7568.0
2023-08-06 07:18:40,37.542,680.0,0.0,97.0,189312.0,114218.0,40.184,2.569103,7570.0
2023-08-06 07:18:41,37.593,640.0,0.0,97.0,189276.0,114190.0,40.186,2.560616,7548.0
2023-08-06 07:18:42,37.586,560.0,0.0,99.0,189277.0,114181.0,40.218,2.551242,7558.0
2023-08-06 07:18:43,37.552,640.0,0.0,99.0,189249.0,114170.0,40.17,2.554044,7541.0
2023-08-06 07:18:44,37.549,640.0,0.0,98.0,189096.0,114120.0,40.158,2.552173,7476.0
2023-08-06 07:18:45,37.59,640.0,0.0,97.0,189063.0,114109.0,40.236,2.554044,7484.0
2023-08-06 07:18:46,37.631,640.0,0.0,99.0,189065.0,114122.0,40.204,2.5578,7493.0
2023-08-06 07:18:47,37.566,680.0,0.0,96.0,189058.0,114132.0,40.256,2.554044,7494.0
2023-08-06 07:18:48,37.675,640.0,0.0,96.0,188952.0,114108.0,40.265,2.552173,7455.0
2023-08-06 07:18:49,37.675,640.0,0.0,99.0,189001.0,114123.0,40.248,2.548446,7479.0
2023-08-06 07:18:50,37.6,680.0,0.0,96.0,189056.0,114144.0,40.237,2.548446,7502.0
2023-08-06 07:18:51,37.643,640.0,0.0,95.0,189047.0,114137.0,40.263,2.563439,7493.0
2023-08-06 07:18:52,37.593,640.0,0.0,95.0,189089.0,114133.0,40.291,2.566267,7528.0
2023-08-06 07:18:53,37.667,680.0,0.0,97.0,189128.0,114139.0,40.237,2.570998,7526.0
2023-08-06 07:18:54,37.663,680.0,0.0,94.0,189063.0,114114.0,40.221,2.575753,7506.0
2023-08-06 07:18:55,37.675,640.0,0.0,97.0,188878.0,114072.0,40.242,2.566267,7449.0
2023-08-06 07:18:56,37.667,640.0,0.0,101.0,188897.0,114084.0,40.192,2.631177,7472.0
2023-08-06 07:18:57,37.633,680.0,0.0,97.0,188925.0,114090.0,40.242,2.643153,7478.0
2023-08-06 07:18:58,37.653,640.0,0.0,97.0,188836.0,114075.0,40.238,2.629192,7473.0
2023-08-06 07:18:59,37.66,600.0,0.0,100.0,188845.0,114075.0,40.287,2.59011,7483.0
2023-08-06 07:19:00,37.648,680.0,0.0,97.0,188867.0,114086.0,40.308,2.571957,7486.0
2023-08-06 07:19:01,37.672,640.0,0.0,97.0,188779.0,114062.0,40.269,2.571957,7449.0
2023-08-06 07:19:02,37.646,600.0,0.0,98.0,188782.0,114059.0,40.285,2.568159,7466.0
2023-08-06 07:19:03,37.701,640.0,0.0,100.0,188801.0,114066.0,40.263,2.572903,7468.0
2023-08-06 07:19:04,37.679,680.0,0.0,97.0,188725.0,114047.0,40.282,2.568159,7426.0
2023-08-06 07:19:05,37.73,560.0,0.0,99.0,188762.0,114048.0,40.332,2.570053,7456.0
2023-08-06 07:19:06,37.696,640.0,0.0,99.0,188860.0,114068.0,40.327,2.608528,7474.0
2023-08-06 07:19:07,37.696,680.0,0.0,96.0,188879.0,114078.0,40.396,2.623254,7497.0
2023-08-06 07:19:08,37.739,640.0,0.0,96.0,188848.0,114069.0,40.292,2.611457,7485.0
2023-08-06 07:19:09,37.723,680.0,0.0,99.0,188885.0,114083.0,40.333,2.59011,7504.0
2023-08-06 07:19:10,37.672,680.0,0.0,95.0,188876.0,114072.0,40.387,2.584347,7495.0
2023-08-06 07:19:11,37.708,600.0,0.0,97.0,188734.0,114034.0,40.33,2.580519,7441.0
2023-08-06 07:19:12,37.727,640.0,0.0,101.0,188735.0,114026.0,40.345,2.574805,7448.0
2023-08-06 07:19:13,37.708,640.0,0.0,98.0,188702.0,114032.0,40.39,2.576709,7435.0
2023-08-06 07:19:14,37.785,600.0,0.0,99.0,188618.0,114006.0,40.408,2.576709,7403.0
2023-08-06 07:19:15,37.787,600.0,0.0,101.0,188689.0,114033.0,40.358,2.583385,7452.0
2023-08-06 07:19:16,37.749,720.0,0.0,97.0,188752.0,114059.0,40.443,2.572903,7460.0
2023-08-06 07:19:17,37.749,640.0,0.0,97.0,188745.0,114047.0,40.312,2.570998,7444.0
2023-08-06 07:19:18,37.725,600.0,0.0,98.0,188755.0,114049.0,40.446,2.570998,7467.0
2023-08-06 07:19:19,37.778,680.0,0.0,100.0,188758.0,114048.0,40.451,2.569103,7458.0
2023-08-06 07:19:20,37.746,640.0,0.0,96.0,188568.0,113995.0,40.357,2.561554,7366.0
2023-08-06 07:19:21,37.756,600.0,0.0,99.0,188496.0,113981.0,40.352,2.562499,7348.0
2023-08-06 07:19:22,37.78,640.0,0.0,103.0,188553.0,114009.0,40.39,2.562499,7370.0
2023-08-06 07:19:23,37.78,600.0,0.0,101.0,188581.0,114026.0,40.491,2.558729,7388.0
2023-08-06 07:19:24,37.775,640.0,0.0,99.0,188734.0,114066.0,40.452,2.556852,7485.0
2023-08-06 07:19:25,37.739,640.0,0.0,99.0,188846.0,114092.0,40.481,2.560616,7519.0
2023-08-06 07:19:26,37.749,680.0,0.0,96.0,188909.0,114106.0,40.437,2.608528,7527.0
2023-08-06 07:19:27,37.814,600.0,0.0,99.0,188979.0,114106.0,40.446,2.668453,7547.0
2023-08-06 07:19:28,37.857,600.0,0.0,99.0,188984.0,114102.0,40.457,2.824141,7542.0
2023-08-06 07:19:29,37.806,720.0,0.0,97.0,188896.0,114058.0,40.468,2.811611,7518.0
2023-08-06 07:19:30,37.727,600.0,0.0,101.0,188695.0,114014.0,40.466,2.723712,7476.0
2023-08-06 07:19:31,37.761,640.0,0.0,103.0,188687.0,114017.0,40.43,2.674591,7483.0
2023-08-06 07:19:32,37.833,600.0,0.0,101.0,188612.0,113999.0,40.507,2.64516,7456.0
2023-08-06 07:19:33,37.852,560.0,0.0,103.0,188572.0,113999.0,40.492,2.690074,7451.0
2023-08-06 07:19:34,37.797,600.0,0.0,104.0,188613.0,114027.0,40.486,2.762576,7471.0
2023-08-06 07:19:35,37.833,720.0,0.0,99.0,188663.0,114033.0,40.46,2.761485,7486.0
2023-08-06 07:19:36,37.809,640.0,0.0,99.0,188672.0,114030.0,40.475,2.723712,7471.0
2023-08-06 07:19:37,37.813,560.0,0.0,100.0,188746.0,114065.0,40.402,2.684895,7505.0
2023-08-06 07:19:38,37.813,680.0,0.0,99.0,188783.0,114063.0,40.454,2.66335,7509.0
2023-08-06 07:19:39,37.883,600.0,0.0,98.0,188724.0,114037.0,40.461,2.650186,7470.0
2023-08-06 07:19:40,37.797,600.0,0.0,98.0,188727.0,114031.0,40.488,2.64516,7474.0
2023-08-06 07:19:41,37.888,680.0,0.0,100.0,188767.0,114043.0,40.515,2.642141,7466.0
2023-08-06 07:19:42,37.854,640.0,0.0,99.0,188706.0,114021.0,40.512,2.638147,7443.0
2023-08-06 07:19:43,37.816,600.0,0.0,99.0,188754.0,114024.0,40.452,2.643153,7469.0
2023-08-06 07:19:44,37.861,640.0,0.0,101.0,188878.0,114052.0,40.457,2.684895,7499.0
2023-08-06 07:19:45,37.811,720.0,0.0,96.0,188881.0,114048.0,40.457,2.690074,7516.0
2023-08-06 07:19:46,37.878,600.0,0.0,97.0,188831.0,114031.0,40.489,2.665387,7484.0
2023-08-06 07:19:47,37.857,640.0,0.0,100.0,188790.0,114020.0,40.533,2.661316,7484.0
2023-08-06 07:19:48,37.818,640.0,0.0,97.0,188779.0,114007.0,40.481,2.658274,7486.0
2023-08-06 07:19:49,37.9,600.0,0.0,98.0,188688.0,113976.0,40.57,2.661316,7444.0
2023-08-06 07:19:50,37.907,600.0,0.0,102.0,188704.0,113984.0,40.496,2.678703,7452.0
2023-08-06 07:19:51,37.905,640.0,0.0,100.0,188735.0,113984.0,40.534,2.686966,7468.0
2023-08-06 07:19:52,37.866,600.0,0.0,100.0,188716.0,113983.0,40.498,2.736547,7463.0
2023-08-06 07:19:53,37.878,600.0,0.0,103.0,188755.0,113992.0,40.539,2.876589,7484.0
2023-08-06 07:19:54,37.943,680.0,0.0,99.0,188768.0,114003.0,40.477,2.881346,7476.0
2023-08-06 07:19:55,37.885,600.0,0.0,101.0,188677.0,113962.0,40.548,2.800313,7453.0
2023-08-06 07:19:56,37.905,560.0,0.0,105.0,188673.0,113966.0,40.497,2.796945,7478.0
2023-08-06 07:19:57,37.938,640.0,0.0,102.0,188654.0,113951.0,40.532,2.921192,7446.0
2023-08-06 07:19:58,37.943,600.0,0.0,102.0,188614.0,113941.0,40.571,2.926107,7437.0
2023-08-06 07:19:59,37.881,560.0,0.0,105.0,188659.0,113955.0,40.583,2.868313,7448.0
2023-08-06 07:20:00,37.921,680.0,0.0,103.0,188653.0,113955.0,40.524,2.831025,7438.0
2023-08-06 07:20:01,37.986,520.0,0.0,106.0,188686.0,113965.0,40.533,2.827583,7455.0
2023-08-06 07:20:02,37.938,680.0,0.0,106.0,188748.0,113991.0,40.539,2.850708,7483.0
2023-08-06 07:20:03,37.917,600.0,0.0,103.0,188764.0,113985.0,40.559,2.839103,7464.0
2023-08-06 07:20:04,37.967,600.0,0.0,102.0,188811.0,114000.0,40.559,2.816156,7472.0
2023-08-06 07:20:05,37.945,600.0,0.0,101.0,188831.0,114004.0,40.583,2.810481,7464.0
2023-08-06 07:20:06,37.953,600.0,0.0,101.0,188787.0,113995.0,40.591,2.794701,7452.0
2023-08-06 07:20:07,37.929,560.0,0.0,103.0,188874.0,114014.0,40.629,2.820707,7506.0
2023-08-06 07:20:08,38.013,680.0,0.0,100.0,188908.0,114026.0,40.618,2.837934,7530.0
2023-08-06 07:20:09,38.001,560.0,0.0,103.0,188769.0,113988.0,40.52,2.839103,7453.0
2023-08-06 07:20:10,37.941,520.0,0.0,110.0,188739.0,113976.0,40.627,2.815014,7435.0
2023-08-06 07:20:11,37.924,520.0,0.0,112.0,188872.0,114004.0,40.7,2.877781,7476.0
2023-08-06 07:20:12,37.965,560.0,0.0,111.0,189051.0,114056.0,40.619,2.959657,7542.0
2023-08-06 07:20:13,38.073,680.0,0.0,107.0,189089.0,114072.0,40.532,2.94589,7539.0
2023-08-06 07:20:14,38.073,680.0,0.0,100.0,188925.0,114035.0,40.663,2.884921,7488.0
2023-08-06 07:20:15,37.952,640.0,0.0,100.0,188876.0,114025.0,40.635,2.843729,7480.0
2023-08-06 07:20:16,37.989,640.0,0.0,100.0,188927.0,114048.0,40.655,2.834475,7497.0
2023-08-06 07:20:17,37.982,680.0,0.0,97.0,188972.0,114084.0,40.637,2.834475,7514.0
2023-08-06 07:20:18,37.991,640.0,0.0,96.0,188959.0,114063.0,40.629,2.826432,7494.0
2023-08-06 07:20:19,38.008,600.0,0.0,96.0,188938.0,114046.0,40.599,2.82529,7484.0
2023-08-06 07:20:20,37.965,680.0,0.0,96.0,188885.0,114038.0,40.577,2.826432,7456.0
2023-08-06 07:20:21,38.046,640.0,0.0,96.0,188841.0,114023.0,40.636,2.840255,7440.0
2023-08-06 07:20:22,38.01,600.0,0.0,97.0,188847.0,114026.0,40.606,2.867121,7437.0
2023-08-06 07:20:23,38.046,680.0,0.0,95.0,188801.0,114005.0,40.672,2.868313,7421.0
2023-08-06 07:20:24,38.078,600.0,0.0,96.0,188788.0,114006.0,40.695,2.846051,7420.0
2023-08-06 07:20:25,38.037,680.0,0.0,96.0,188850.0,114010.0,40.591,2.839103,7471.0
2023-08-06 07:20:26,38.039,600.0,0.0,97.0,188888.0,114015.0,40.625,2.854215,7478.0
2023-08-06 07:20:27,38.039,680.0,0.0,95.0,188887.0,114010.0,40.643,2.860068,7482.0
2023-08-06 07:20:28,38.051,640.0,0.0,93.0,188787.0,113976.0,40.64,2.843729,7445.0
2023-08-06 07:20:29,38.058,640.0,0.0,94.0,188788.0,113975.0,40.62,2.837934,7481.0
2023-08-06 07:20:30,38.058,720.0,0.0,97.0,188821.0,113976.0,40.714,2.839103,7501.0
2023-08-06 07:20:31,38.06,640.0,0.0,94.0,188797.0,113973.0,40.632,2.836791,7482.0
2023-08-06 07:20:32,38.053,640.0,0.0,95.0,188646.0,113931.0,40.666,2.929793,7429.0
2023-08-06 07:20:33,38.053,600.0,0.0,96.0,188653.0,113928.0,40.789,2.976084,7449.0
2023-08-06 07:20:34,38.065,640.0,0.0,97.0,188680.0,113928.0,40.781,2.948383,7458.0
2023-08-06 07:20:35,38.065,640.0,0.0,97.0,188638.0,113914.0,40.764,2.894507,7468.0
2023-08-06 07:20:36,38.061,600.0,0.0,97.0,188683.0,113921.0,40.663,2.87066,7509.0
2023-08-06 07:20:37,38.08,680.0,0.0,100.0,188696.0,113922.0,40.734,2.875406,7509.0
2023-08-06 07:20:38,38.08,640.0,0.0,96.0,188572.0,113882.0,40.793,2.868313,7442.0
2023-08-06 07:20:39,38.073,600.0,0.0,98.0,188556.0,113867.0,40.676,2.851871,7441.0
2023-08-06 07:20:40,38.109,640.0,0.0,100.0,188622.0,113887.0,40.687,2.84141,7470.0
2023-08-06 07:20:41,38.121,640.0,0.0,97.0,188631.0,113884.0,40.707,2.837934,7476.0
2023-08-06 07:20:42,38.121,600.0,0.0,98.0,188713.0,113896.0,40.765,2.861238,7499.0
2023-08-06 07:20:43,38.092,640.0,0.0,99.0,188766.0,113912.0,40.726,2.923652,7513.0
2023-08-06 07:20:44,38.116,720.0,0.0,94.0,188762.0,113903.0,40.729,2.92243,7500.0
2023-08-06 07:20:45,38.097,600.0,0.0,97.0,188574.0,113846.0,40.693,2.883731,7425.0
2023-08-06 07:20:46,38.097,600.0,0.0,101.0,188535.0,113837.0,40.727,2.858891,7438.0
2023-08-06 07:20:47,38.113,680.0,0.0,98.0,188543.0,113836.0,40.726,2.84721,7439.0
2023-08-06 07:20:48,38.08,640.0,0.0,98.0,188442.0,113814.0,40.766,2.836791,7385.0
2023-08-06 07:20:49,38.12,600.0,0.0,98.0,188412.0,113805.0,40.788,2.840255,7386.0
2023-08-06 07:20:50,38.078,680.0,0.0,99.0,188469.0,113832.0,40.7,2.832171,7406.0
2023-08-06 07:20:51,38.123,680.0,0.0,94.0,188503.0,113831.0,40.799,2.829871,7418.0
2023-08-06 07:20:52,38.082,680.0,0.0,94.0,188569.0,113850.0,40.812,2.832171,7461.0
2023-08-06 07:20:53,38.126,640.0,0.0,93.0,188621.0,113860.0,40.733,2.834475,7481.0
2023-08-06 07:20:54,38.164,720.0,0.0,93.0,188616.0,113851.0,40.699,2.832171,7474.0
2023-08-06 07:20:55,38.164,680.0,0.0,90.0,188471.0,113802.0,40.817,2.833327,7406.0
2023-08-06 07:20:56,38.154,600.0,0.0,94.0,188393.0,113774.0,40.732,2.867121,7387.0
2023-08-06 07:20:57,38.116,640.0,0.0,97.0,188371.0,113777.0,40.778,2.869482,7385.0
2023-08-06 07:20:58,38.147,600.0,0.0,97.0,188269.0,113761.0,40.752,2.849539,7349.0
2023-08-06 07:20:59,38.147,560.0,0.0,101.0,188275.0,113780.0,40.772,2.839103,7372.0
2023-08-06 07:21:00,38.161,560.0,0.0,103.0,188499.0,113840.0,40.894,2.834475,7470.0
2023-08-06 07:21:01,38.157,680.0,0.0,104.0,188605.0,113857.0,40.855,2.835624,7503.0
2023-08-06 07:21:02,38.159,640.0,0.0,99.0,188647.0,113857.0,40.785,2.831025,7536.0
2023-08-06 07:21:03,38.159,680.0,0.0,98.0,188629.0,113843.0,40.82,2.827583,7519.0
2023-08-06 07:21:04,38.157,560.0,0.0,98.0,188615.0,113834.0,40.811,2.823001,7504.0
2023-08-06 07:21:05,38.142,680.0,0.0,99.0,188578.0,113814.0,40.812,2.821862,7468.0
2023-08-06 07:21:06,38.269,600.0,0.0,98.0,188430.0,113774.0,40.824,2.81957,7406.0
2023-08-06 07:21:07,38.2,600.0,0.0,98.0,188430.0,113783.0,40.791,2.81729,7425.0
2023-08-06 07:21:08,38.157,600.0,0.0,99.0,188487.0,113805.0,40.858,2.820707,7433.0
2023-08-06 07:21:09,38.173,680.0,0.0,97.0,188506.0,113808.0,40.79,2.869482,7454.0
2023-08-06 07:21:10,38.174,640.0,0.0,96.0,188453.0,113796.0,40.852,2.911437,7414.0
2023-08-06 07:21:11,38.269,600.0,0.0,99.0,188435.0,113782.0,40.864,2.901738,7415.0
2023-08-06 07:21:12,38.284,680.0,0.0,96.0,188435.0,113785.0,40.782,2.875406,7414.0
2023-08-06 07:21:13,38.202,640.0,0.0,97.0,188273.0,113746.0,40.866,2.844893,7367.0
2023-08-06 07:21:14,38.236,600.0,0.0,98.0,188265.0,113755.0,40.892,2.895714,7374.0
2023-08-06 07:21:15,38.236,640.0,0.0,98.0,188337.0,113772.0,40.819,2.99913,7410.0
2023-08-06 07:21:16,38.219,720.0,0.0,94.0,188256.0,113755.0,40.85,2.985003,7392.0
2023-08-06 07:21:17,38.226,640.0,0.0,94.0,188188.0,113746.0,40.874,2.916311,7365.0
2023-08-06 07:21:18,38.193,600.0,0.0,98.0,188165.0,113729.0,40.895,2.877781,7373.0
2023-08-06 07:21:19,38.236,640.0,0.0,97.0,188206.0,113751.0,40.901,2.850708,7404.0
2023-08-06 07:21:20,38.236,680.0,0.0,96.0,188176.0,113733.0,40.899,2.840255,7387.0
2023-08-06 07:21:21,38.236,600.0,0.0,96.0,188120.0,113711.0,40.837,2.835624,7360.0
2023-08-06 07:21:22,38.245,640.0,0.0,96.0,188206.0,113732.0,40.88,2.833327,7409.0
2023-08-06 07:21:23,38.281,680.0,0.0,97.0,188261.0,113749.0,40.862,2.833327,7429.0
2023-08-06 07:21:24,38.281,680.0,0.0,94.0,188252.0,113736.0,40.888,2.832171,7416.0
2023-08-06 07:21:25,38.248,640.0,0.0,94.0,188220.0,113725.0,40.847,2.874224,7389.0
2023-08-06 07:21:26,38.243,600.0,0.0,95.0,188294.0,113735.0,40.853,2.878965,7427.0
2023-08-06 07:21:27,38.241,720.0,0.0,95.0,188300.0,113746.0,40.827,2.856555,7433.0
2023-08-06 07:21:28,38.265,680.0,0.0,91.0,188290.0,113726.0,40.851,2.836791,7417.0
2023-08-06 07:21:29,38.241,640.0,0.0,92.0,188173.0,113698.0,40.871,2.839103,7378.0
2023-08-06 07:21:30,38.26,640.0,0.0,93.0,188177.0,113697.0,40.879,2.861238,7400.0
2023-08-06 07:21:31,38.238,640.0,0.0,94.0,188229.0,113715.0,40.87,2.873035,7422.0
2023-08-06 07:21:32,38.277,680.0,0.0,93.0,188185.0,113706.0,40.873,2.857723,7392.0
2023-08-06 07:21:33,38.277,640.0,0.0,93.0,188190.0,113691.0,40.876,2.843729,7404.0
2023-08-06 07:21:34,38.229,600.0,0.0,96.0,188205.0,113697.0,40.853,2.835624,7407.0
2023-08-06 07:21:35,38.265,680.0,0.0,94.0,188221.0,113706.0,40.87,2.836791,7411.0
2023-08-06 07:21:36,38.267,640.0,0.0,95.0,188124.0,113669.0,40.853,2.848378,7348.0
2023-08-06 07:21:37,38.387,640.0,0.0,95.0,188083.0,113648.0,40.848,2.857723,7354.0
2023-08-06 07:21:38,38.262,640.0,0.0,98.0,188137.0,113676.0,40.932,2.848378,7386.0
2023-08-06 07:21:39,38.272,680.0,0.0,95.0,188152.0,113672.0,40.849,2.843729,7382.0
2023-08-06 07:21:40,38.272,680.0,0.0,94.0,188228.0,113700.0,40.874,2.839103,7436.0
2023-08-06 07:21:41,38.301,680.0,0.0,94.0,188287.0,113708.0,40.874,2.839103,7466.0
2023-08-06 07:21:42,38.317,640.0,0.0,94.0,188392.0,113729.0,40.887,2.877781,7497.0
2023-08-06 07:21:43,38.317,720.0,0.0,92.0,188325.0,113695.0,40.896,2.869482,7462.0
2023-08-06 07:21:44,38.317,600.0,0.0,94.0,188230.0,113665.0,41.005,2.842573,7417.0
2023-08-06 07:21:45,38.322,600.0,0.0,98.0,188143.0,113642.0,40.896,2.82529,7396.0
2023-08-06 07:21:46,38.353,680.0,0.0,96.0,188091.0,113635.0,41.005,2.816156,7377.0
2023-08-06 07:21:47,38.332,640.0,0.0,95.0,188020.0,113611.0,40.888,2.816156,7371.0
2023-08-06 07:21:48,38.296,600.0,0.0,97.0,188026.0,113614.0,40.951,2.881346,7376.0
2023-08-06 07:21:49,38.317,680.0,0.0,95.0,188167.0,113651.0,40.894,2.967209,7424.0
2023-08-06 07:21:50,38.344,720.0,0.0,93.0,188177.0,113668.0,40.985,2.965951,7430.0
2023-08-06 07:21:51,38.413,640.0,0.0,93.0,188233.0,113672.0,40.946,2.900527,7473.0
2023-08-06 07:21:52,38.303,680.0,0.0,93.0,188292.0,113684.0,40.869,2.857723,7499.0
2023-08-06 07:21:53,38.315,720.0,0.0,90.0,188326.0,113694.0,40.935,2.840255,7508.0
2023-08-06 07:21:54,38.339,640.0,0.0,92.0,188278.0,113655.0,40.953,3.026469,7475.0
2023-08-06 07:21:55,38.303,600.0,0.0,93.0,188235.0,113635.0,40.903,3.168176,7468.0
2023-08-06 07:21:56,38.351,680.0,0.0,93.0,188183.0,113630.0,40.93,3.162415,7453.0
2023-08-06 07:21:57,38.279,640.0,0.0,93.0,187924.0,113545.0,41.013,3.095017,7365.0
2023-08-06 07:21:58,38.406,600.0,0.0,96.0,187843.0,113538.0,40.999,3.019916,7357.0
2023-08-06 07:21:59,38.341,640.0,0.0,98.0,187799.0,113540.0,40.933,2.996551,7367.0
2023-08-06 07:22:00,38.363,680.0,0.0,95.0,187797.0,113538.0,40.934,2.981168,7351.0
2023-08-06 07:22:01,38.389,640.0,0.0,96.0,187750.0,113533.0,40.934,2.976084,7336.0
2023-08-06 07:22:02,38.361,640.0,0.0,95.0,187868.0,113569.0,40.868,2.971,7380.0
2023-08-06 07:22:03,38.404,680.0,0.0,94.0,187890.0,113585.0,40.975,2.959657,7384.0
2023-08-06 07:22:04,38.404,680.0,0.0,92.0,188002.0,113593.0,40.982,2.977351,7408.0
2023-08-06 07:22:05,38.346,640.0,0.0,92.0,188101.0,113616.0,40.959,3.04631,7432.0
2023-08-06 07:22:06,38.353,680.0,0.0,91.0,188074.0,113605.0,40.911,3.044984,7421.0
2023-08-06 07:22:07,38.382,640.0,0.0,92.0,187970.0,113576.0,40.964,3.004302,7376.0
2023-08-06 07:22:08,38.435,640.0,0.0,96.0,187922.0,113558.0,40.922,2.977351,7371.0
2023-08-06 07:22:09,38.356,640.0,0.0,95.0,187925.0,113557.0,41.003,2.972281,7380.0
2023-08-06 07:22:10,38.372,680.0,0.0,94.0,187818.0,113527.0,40.925,2.964685,7318.0
2023-08-06 07:22:11,38.372,600.0,0.0,95.0,187816.0,113527.0,40.978,2.954629,7328.0
2023-08-06 07:22:12,38.461,640.0,0.0,96.0,187886.0,113555.0,41.047,2.955878,7348.0
2023-08-06 07:22:13,38.461,680.0,0.0,94.0,187859.0,113544.0,41.037,2.955878,7335.0
2023-08-06 07:22:14,38.423,640.0,0.0,94.0,187839.0,113540.0,41.004,2.952125,7336.0
2023-08-06 07:22:15,38.389,640.0,0.0,95.0,187880.0,113557.0,40.97,2.949626,7365.0
2023-08-06 07:22:16,38.409,640.0,0.0,95.0,187957.0,113572.0,40.95,2.948383,7398.0
2023-08-06 07:22:17,38.401,680.0,0.0,93.0,187954.0,113573.0,40.992,3.074539,7390.0
2023-08-06 07:22:18,38.385,640.0,0.0,93.0,187990.0,113580.0,41.042,3.169612,7409.0
2023-08-06 07:22:19,38.409,640.0,0.0,94.0,187980.0,113571.0,40.999,3.156685,7415.0
2023-08-06 07:22:20,38.404,680.0,0.0,92.0,187927.0,113560.0,41.02,3.074539,7397.0
2023-08-06 07:22:21,38.526,600.0,0.0,95.0,187678.0,113493.0,40.998,3.009483,7315.0
2023-08-06 07:22:22,38.468,600.0,0.0,100.0,187601.0,113479.0,41.029,3.009483,7309.0
2023-08-06 07:22:23,38.421,640.0,0.0,99.0,187589.0,113473.0,41.075,3.023852,7285.0
2023-08-06 07:22:24,38.387,600.0,0.0,101.0,187538.0,113484.0,41.007,3.01731,7277.0
2023-08-06 07:22:25,38.404,600.0,0.0,101.0,187603.0,113523.0,40.981,2.993967,7301.0
2023-08-06 07:22:26,38.418,680.0,0.0,98.0,187772.0,113572.0,41.053,2.978628,7336.0
2023-08-06 07:22:27,38.459,640.0,0.0,97.0,187868.0,113586.0,41.027,2.983721,7377.0
2023-08-06 07:22:28,38.447,640.0,0.0,96.0,188052.0,113626.0,41.037,2.982448,7455.0
2023-08-06 07:22:29,38.466,680.0,0.0,95.0,188157.0,113639.0,40.994,2.997844,7480.0
2023-08-06 07:22:30,38.466,680.0,0.0,92.0,188132.0,113631.0,41.089,3.013391,7466.0
2023-08-06 07:22:31,38.411,640.0,0.0,94.0,188055.0,113596.0,41.086,3.326957,7428.0
2023-08-06 07:22:32,38.454,600.0,0.0,96.0,187954.0,113555.0,41.029,3.391716,7391.0
2023-08-06 07:22:33,38.473,680.0,0.0,97.0,187795.0,113514.0,41.015,3.315881,7340.0
2023-08-06 07:22:34,38.497,600.0,0.0,102.0,187513.0,113459.0,41.028,3.187007,7254.0
2023-08-06 07:22:35,38.507,560.0,0.0,104.0,187446.0,113475.0,41.09,3.124141,7281.0
2023-08-06 07:22:36,38.53,560.0,0.0,105.0,187498.0,113507.0,41.024,3.103277,7298.0
2023-08-06 07:22:37,38.528,640.0,0.0,103.0,187529.0,113525.0,41.075,3.08269,7299.0
2023-08-06 07:22:38,38.423,600.0,0.0,102.0,187553.0,113533.0,41.021,3.160996,7293.0
2023-08-06 07:22:39,38.43,640.0,0.0,101.0,187591.0,113541.0,41.045,3.276905,7306.0
2023-08-06 07:22:40,38.485,640.0,0.0,100.0,187646.0,113554.0,41.05,3.270753,7321.0
2023-08-06 07:22:41,38.454,680.0,0.0,98.0,187574.0,113533.0,41.028,3.217897,7286.0
2023-08-06 07:22:42,38.504,600.0,0.0,98.0,187496.0,113515.0,41.027,3.155261,7275.0
2023-08-06 07:22:43,38.502,600.0,0.0,102.0,187623.0,113560.0,41.053,3.125557,7328.0
2023-08-06 07:22:44,38.476,680.0,0.0,99.0,187631.0,113560.0,41.075,3.103277,7320.0
2023-08-06 07:22:45,38.471,640.0,0.0,98.0,187723.0,113580.0,41.098,3.131165,7350.0
2023-08-06 07:22:46,38.442,600.0,0.0,99.0,187795.0,113598.0,41.025,3.132577,7359.0
2023-08-06 07:22:47,38.526,680.0,0.0,96.0,187761.0,113587.0,41.022,3.110207,7354.0
2023-08-06 07:22:48,38.516,640.0,0.0,98.0,187694.0,113561.0,41.1,3.11995,7312.0
2023-08-06 07:22:49,38.49,600.0,0.0,101.0,187729.0,113565.0,41.03,3.17539,7322.0
2023-08-06 07:22:50,38.49,680.0,0.0,98.0,187750.0,113568.0,41.029,3.163846,7326.0
2023-08-06 07:22:51,38.533,600.0,0.0,100.0,187666.0,113544.0,41.08,3.117158,7315.0
2023-08-06 07:22:52,38.5,640.0,0.0,99.0,187718.0,113559.0,41.094,3.090904,7336.0
2023-08-06 07:22:53,38.478,680.0,0.0,97.0,187848.0,113586.0,41.101,3.077255,7388.0
2023-08-06 07:22:54,38.476,680.0,0.0,95.0,187855.0,113596.0,41.081,3.079965,7392.0
2023-08-06 07:22:55,38.543,600.0,0.0,95.0,187944.0,113599.0,41.056,3.295501,7416.0
2023-08-06 07:22:56,38.61,680.0,0.0,95.0,187977.0,113599.0,41.148,3.326957,7440.0
2023-08-06 07:22:57,38.524,720.0,0.0,92.0,187971.0,113587.0,41.033,3.253958,7442.0
2023-08-06 07:22:58,38.567,680.0,0.0,92.0,187765.0,113525.0,41.149,3.156685,7377.0
2023-08-06 07:22:59,38.545,640.0,0.0,92.0,187622.0,113491.0,41.072,3.114372,7333.0
2023-08-06 07:23:00,38.497,600.0,0.0,95.0,187585.0,113492.0,41.109,3.107433,7354.0
2023-08-06 07:23:01,38.543,600.0,0.0,96.0,187582.0,113502.0,41.114,3.101901,7348.0
2023-08-06 07:23:02,38.54,680.0,0.0,95.0,187561.0,113497.0,41.12,3.086782,7334.0
2023-08-06 07:23:03,38.543,640.0,0.0,95.0,187462.0,113462.0,41.084,3.08269,7296.0
2023-08-06 07:23:04,38.507,640.0,0.0,94.0,187540.0,113492.0,41.069,3.084069,7342.0
2023-08-06 07:23:05,38.602,640.0,0.0,96.0,187602.0,113509.0,41.037,3.084069,7347.0
2023-08-06 07:23:06,38.531,720.0,0.0,93.0,187655.0,113517.0,41.166,3.08269,7374.0
2023-08-06 07:23:07,38.545,640.0,0.0,94.0,187629.0,113502.0,41.099,3.075891,7341.0
2023-08-06 07:23:08,38.56,640.0,0.0,94.0,187675.0,113524.0,41.062,3.067776,7369.0
2023-08-06 07:23:09,38.555,680.0,0.0,93.0,187695.0,113521.0,41.082,3.061034,7361.0
2023-08-06 07:23:10,38.559,680.0,0.0,92.0,187642.0,113495.0,41.085,3.059685,7342.0
2023-08-06 07:23:11,38.555,600.0,0.0,95.0,187664.0,113498.0,41.131,3.05433,7359.0
2023-08-06 07:23:12,38.572,680.0,0.0,96.0,187711.0,113516.0,41.117,3.058347,7383.0
2023-08-06 07:23:13,38.614,720.0,0.0,92.0,187738.0,113511.0,41.164,3.051655,7376.0
2023-08-06 07:23:14,38.614,640.0,0.0,94.0,187720.0,113496.0,41.162,3.050324,7380.0
2023-08-06 07:23:15,38.572,600.0,0.0,95.0,187762.0,113509.0,41.189,3.044984,7388.0
2023-08-06 07:23:16,38.619,680.0,0.0,95.0,187727.0,113490.0,41.098,3.050324,7374.0
2023-08-06 07:23:17,38.56,600.0,0.0,95.0,187470.0,113415.0,41.125,3.05433,7278.0
2023-08-06 07:23:18,38.584,560.0,0.0,100.0,187465.0,113430.0,41.189,3.05433,7293.0
2023-08-06 07:23:19,38.584,680.0,0.0,101.0,187498.0,113442.0,41.176,3.05433,7318.0
2023-08-06 07:23:20,38.615,640.0,0.0,97.0,187484.0,113444.0,41.251,3.043668,7310.0
2023-08-06 07:23:21,38.619,600.0,0.0,98.0,187570.0,113463.0,41.183,3.03703,7347.0
2023-08-06 07:23:22,38.639,640.0,0.0,99.0,187627.0,113475.0,41.24,3.034386,7377.0
2023-08-06 07:23:23,38.55,600.0,0.0,98.0,187647.0,113481.0,41.209,3.03835,7375.0
2023-08-06 07:23:24,38.608,560.0,0.0,104.0,187692.0,113477.0,41.166,3.088164,7366.0
2023-08-06 07:23:25,38.562,600.0,0.0,104.0,187941.0,113531.0,41.164,3.108824,7446.0
2023-08-06 07:23:26,38.617,640.0,0.0,104.0,188059.0,113559.0,41.167,3.09227,7497.0
2023-08-06 07:23:27,38.591,800.0,0.0,96.0,188133.0,113583.0,41.214,3.058347,7516.0
2023-08-06 07:23:28,38.66,680.0,0.0,94.0,187892.0,113495.0,41.186,3.044984,7402.0
2023-08-06 07:23:29,38.617,640.0,0.0,95.0,187750.0,113463.0,41.236,3.031745,7371.0
2023-08-06 07:23:30,38.67,600.0,0.0,97.0,187733.0,113475.0,41.135,3.099142,7372.0
2023-08-06 07:23:31,38.601,760.0,0.0,93.0,187759.0,113486.0,41.18,3.131165,7380.0
2023-08-06 07:23:32,38.648,680.0,0.0,95.0,187685.0,113497.0,41.182,3.111601,7353.0
2023-08-06 07:23:33,38.629,560.0,0.0,96.0,187684.0,113488.0,41.185,3.063735,7354.0
2023-08-06 07:23:34,38.653,720.0,0.0,96.0,187690.0,113496.0,41.241,3.043668,7363.0
2023-08-06 07:23:35,38.658,640.0,0.0,93.0,187548.0,113463.0,41.282,3.035703,7315.0
2023-08-06 07:23:36,38.648,680.0,0.0,93.0,187543.0,113467.0,41.211,3.027798,7315.0
2023-08-06 07:23:37,38.701,560.0,0.0,95.0,187604.0,113484.0,41.209,3.019916,7339.0
2023-08-06 07:23:38,38.629,680.0,0.0,95.0,187642.0,113500.0,41.22,3.005593,7349.0
2023-08-06 07:23:39,38.629,720.0,0.0,91.0,187507.0,113457.0,41.234,3.004302,7288.0
2023-08-06 07:23:40,38.658,600.0,0.0,96.0,187479.0,113438.0,41.241,3.226847,7269.0
2023-08-06 07:23:41,38.646,640.0,0.0,96.0,187512.0,113458.0,41.191,3.314287,7287.0
2023-08-06 07:23:42,38.651,720.0,0.0,93.0,187559.0,113470.0,41.215,3.250922,7312.0
2023-08-06 07:23:43,38.62,640.0,0.0,93.0,187547.0,113466.0,41.201,3.153838,7334.0
2023-08-06 07:23:44,38.696,640.0,0.0,93.0,187635.0,113487.0,41.236,3.096387,7391.0
2023-08-06 07:23:45,38.682,720.0,0.0,93.0,187631.0,113476.0,41.222,3.062374,7391.0
2023-08-06 07:23:46,38.72,680.0,0.0,90.0,187589.0,113456.0,41.256,3.047656,7365.0
2023-08-06 07:23:47,38.675,640.0,0.0,92.0,187433.0,113409.0,41.236,3.042325,7315.0
2023-08-06 07:23:48,38.689,600.0,0.0,94.0,187437.0,113414.0,41.228,3.041002,7315.0
2023-08-06 07:23:49,38.636,640.0,0.0,95.0,187508.0,113441.0,41.2,3.035703,7343.0
2023-08-06 07:23:50,38.694,720.0,0.0,92.0,187433.0,113420.0,41.264,3.031745,7301.0
2023-08-06 07:23:51,38.727,640.0,0.0,93.0,187402.0,113406.0,41.163,3.02516,7283.0
2023-08-06 07:23:52,38.639,600.0,0.0,96.0,187430.0,113408.0,41.27,3.02516,7294.0
2023-08-06 07:23:53,38.651,640.0,0.0,95.0,187480.0,113436.0,41.361,3.019916,7313.0
2023-08-06 07:23:54,38.748,680.0,0.0,95.0,187452.0,113419.0,41.294,3.019916,7283.0
2023-08-06 07:23:55,38.68,680.0,0.0,94.0,187510.0,113430.0,41.231,3.01731,7314.0
2023-08-06 07:23:56,38.675,640.0,0.0,95.0,187548.0,113435.0,41.263,3.018613,7334.0
2023-08-06 07:23:57,38.641,680.0,0.0,94.0,187530.0,113417.0,41.25,3.012094,7324.0
2023-08-06 07:23:58,38.699,680.0,0.0,93.0,187429.0,113396.0,41.246,3.009483,7283.0
2023-08-06 07:23:59,38.708,640.0,0.0,93.0,187414.0,113386.0,41.286,3.012094,7307.0
2023-08-06 07:24:00,38.708,640.0,0.0,93.0,187555.0,113424.0,41.321,3.012094,7366.0
2023-08-06 07:24:01,38.723,680.0,0.0,92.0,187585.0,113427.0,41.286,3.004302,7383.0
2023-08-06 07:24:02,38.706,720.0,0.0,90.0,187551.0,113400.0,41.284,3.001714,7363.0
2023-08-06 07:24:03,38.718,640.0,0.0,91.0,187501.0,113373.0,41.336,3.07048,7364.0
2023-08-06 07:24:04,38.744,640.0,0.0,93.0,187520.0,113375.0,41.331,3.096387,7370.0
2023-08-06 07:24:05,38.713,720.0,0.0,91.0,187442.0,113351.0,41.292,3.069123,7346.0
2023-08-06 07:24:06,38.718,680.0,0.0,92.0,187335.0,113310.0,41.31,3.030432,7294.0
2023-08-06 07:24:07,38.758,600.0,0.0,95.0,187294.0,113303.0,41.307,3.010797,7302.0
2023-08-06 07:24:08,38.735,640.0,0.0,95.0,187345.0,113324.0,41.339,3.004302,7310.0
2023-08-06 07:24:09,38.68,720.0,0.0,93.0,187285.0,113316.0,41.293,3.000417,7296.0
2023-08-06 07:24:10,38.682,600.0,0.0,94.0,187317.0,113329.0,41.347,2.996551,7319.0
2023-08-06 07:24:11,38.682,680.0,0.0,94.0,187419.0,113356.0,41.279,2.991415,7344.0
2023-08-06 07:24:12,38.703,680.0,0.0,92.0,187436.0,113350.0,41.291,2.990118,7344.0
2023-08-06 07:24:13,38.739,680.0,0.0,92.0,187398.0,113334.0,41.276,3.069123,7326.0
2023-08-06 07:24:14,38.747,600.0,0.0,94.0,187406.0,113327.0,41.316,3.260037,7318.0
2023-08-06 07:24:15,38.728,640.0,0.0,94.0,187374.0,113318.0,41.319,3.255473,7316.0
2023-08-06 07:24:16,38.823,640.0,0.0,95.0,187160.0,113263.0,41.271,3.159548,7248.0
2023-08-06 07:24:17,38.78,600.0,0.0,96.0,187119.0,113258.0,41.35,3.104674,7266.0
2023-08-06 07:24:18,38.706,600.0,0.0,99.0,187180.0,113279.0,41.348,3.063735,7282.0
2023-08-06 07:24:19,38.725,680.0,0.0,97.0,187174.0,113285.0,41.289,3.042325,7281.0
2023-08-06 07:24:20,38.739,640.0,0.0,97.0,187298.0,113324.0,41.341,3.061034,7337.0
2023-08-06 07:24:21,38.825,600.0,0.0,98.0,187398.0,113339.0,41.286,3.185535,7362.0
2023-08-06 07:24:22,38.711,720.0,0.0,95.0,187469.0,113351.0,41.375,3.312728,7386.0
2023-08-06 07:24:23,38.749,680.0,0.0,95.0,187381.0,113309.0,41.353,3.28307,7339.0
2023-08-06 07:24:24,38.723,600.0,0.0,98.0,187324.0,113285.0,41.332,3.185535,7329.0
2023-08-06 07:24:25,38.706,640.0,0.0,97.0,187320.0,113284.0,41.29,3.125557,7342.0
2023-08-06 07:24:26,38.766,640.0,0.0,97.0,187201.0,113254.0,41.341,3.101901,7293.0
2023-08-06 07:24:27,38.778,600.0,0.0,98.0,187113.0,113233.0,41.306,3.155261,7278.0
2023-08-06 07:24:28,38.742,600.0,0.0,100.0,187128.0,113246.0,41.345,3.204594,7286.0
2023-08-06 07:24:29,38.811,680.0,0.0,99.0,187000.0,113224.0,41.418,3.191381,7246.0
2023-08-06 07:24:30,38.797,560.0,0.0,101.0,186929.0,113216.0,41.325,3.210489,7218.0
2023-08-06 07:24:31,38.754,560.0,0.0,104.0,187004.0,113242.0,41.335,3.363889,7274.0
2023-08-06 07:24:32,38.818,560.0,0.0,107.0,187139.0,113285.0,41.443,3.365508,7304.0
2023-08-06 07:24:33,38.751,680.0,0.0,105.0,187163.0,113288.0,41.318,3.261568,7304.0
2023-08-06 07:24:34,38.792,600.0,0.0,101.0,187102.0,113270.0,41.427,3.232825,7280.0
2023-08-06 07:24:35,38.759,600.0,0.0,104.0,187015.0,113241.0,41.3,3.474551,7266.0
2023-08-06 07:24:36,38.759,600.0,0.0,103.0,186975.0,113242.0,41.361,3.504259,7234.0
2023-08-06 07:24:37,38.828,600.0,0.0,102.0,186765.0,113207.0,41.368,3.445353,7173.0
2023-08-06 07:24:38,38.757,600.0,0.0,103.0,186787.0,113236.0,41.348,3.333311,7201.0
2023-08-06 07:24:39,38.83,640.0,0.0,102.0,186838.0,113262.0,41.386,3.27999,7217.0
2023-08-06 07:24:40,38.807,640.0,0.0,99.0,186881.0,113283.0,41.344,3.253958,7236.0
2023-08-06 07:24:41,38.778,600.0,0.0,99.0,187040.0,113311.0,41.353,3.240336,7292.0
2023-08-06 07:24:42,38.756,600.0,0.0,99.0,187140.0,113347.0,41.343,3.222355,7312.0
2023-08-06 07:24:43,38.761,680.0,0.0,97.0,187175.0,113342.0,41.354,3.219388,7317.0
2023-08-06 07:24:44,38.821,640.0,0.0,99.0,187147.0,113321.0,41.339,3.1987,7292.0
2023-08-06 07:24:45,38.821,560.0,0.0,101.0,187181.0,113328.0,41.35,3.195766,7308.0
2023-08-06 07:24:46,38.797,680.0,0.0,98.0,187175.0,113319.0,41.312,3.18846,7288.0
2023-08-06 07:24:47,38.766,600.0,0.0,100.0,187024.0,113281.0,41.291,3.18846,7233.0
2023-08-06 07:24:48,38.771,600.0,0.0,100.0,187050.0,113314.0,41.383,3.181178,7262.0
2023-08-06 07:24:49,38.814,680.0,0.0,101.0,187108.0,113323.0,41.331,3.17539,7277.0
2023-08-06 07:24:50,38.814,640.0,0.0,98.0,187065.0,113318.0,41.341,3.172498,7263.0
2023-08-06 07:24:51,38.757,600.0,0.0,98.0,187156.0,113348.0,41.4,3.169612,7310.0
2023-08-06 07:24:52,38.804,680.0,0.0,99.0,187216.0,113372.0,41.341,3.156685,7326.0
2023-08-06 07:24:53,38.814,640.0,0.0,96.0,187225.0,113366.0,41.358,3.181178,7331.0
2023-08-06 07:24:54,38.812,640.0,0.0,97.0,187190.0,113340.0,41.488,3.207534,7307.0
2023-08-06 07:24:55,38.761,640.0,0.0,99.0,187168.0,113342.0,41.371,3.203106,7303.0
2023-08-06 07:24:56,38.835,600.0,0.0,98.0,187092.0,113308.0,41.398,3.173938,7270.0
2023-08-06 07:24:57,38.816,600.0,0.0,100.0,186978.0,113292.0,41.374,3.155261,7250.0
2023-08-06 07:24:58,38.802,600.0,0.0,102.0,187025.0,113314.0,41.353,3.149557,7280.0
2023-08-06 07:24:59,38.857,680.0,0.0,99.0,187080.0,113330.0,41.386,3.14245,7292.0
2023-08-06 07:25:00,38.821,640.0,0.0,98.0,187064.0,113322.0,41.388,3.145297,7275.0
2023-08-06 07:25:01,38.821,640.0,0.0,97.0,187154.0,113343.0,41.376,3.155261,7318.0
2023-08-06 07:25:02,38.845,640.0,0.0,98.0,187297.0,113382.0,41.349,3.13821,7369.0
2023-08-06 07:25:03,38.869,720.0,0.0,94.0,187249.0,113362.0,41.429,3.141039,7335.0
2023-08-06 07:25:04,38.84,640.0,0.0,95.0,187190.0,113340.0,41.434,3.131165,7316.0
2023-08-06 07:25:05,38.79,640.0,0.0,99.0,187145.0,113313.0,41.366,3.143883,7307.0
2023-08-06 07:25:06,38.785,680.0,0.0,97.0,187121.0,113308.0,41.364,3.166732,7302.0
2023-08-06 07:25:07,38.874,640.0,0.0,96.0,187035.0,113294.0,41.361,3.162415,7264.0
2023-08-06 07:25:08,38.886,640.0,0.0,97.0,187025.0,113286.0,41.492,3.153838,7280.0
2023-08-06 07:25:09,38.829,600.0,0.0,97.0,187140.0,113335.0,41.417,3.152406,7329.0
2023-08-06 07:25:10,38.859,680.0,0.0,95.0,187148.0,113326.0,41.394,3.13821,7323.0
2023-08-06 07:25:11,38.821,640.0,0.0,94.0,187105.0,113308.0,41.458,3.203106,7301.0
2023-08-06 07:25:12,38.902,640.0,0.0,97.0,187064.0,113286.0,41.446,3.440257,7290.0
2023-08-06 07:25:13,38.872,640.0,0.0,95.0,186899.0,113250.0,41.403,3.433488,7228.0
2023-08-06 07:25:14,38.929,600.0,0.0,99.0,186793.0,113222.0,41.421,3.32854,7230.0
2023-08-06 07:25:15,38.855,600.0,0.0,101.0,186856.0,113263.0,41.434,3.270753,7263.0
2023-08-06 07:25:16,38.876,680.0,0.0,98.0,186925.0,113280.0,41.393,3.247892,7289.0
2023-08-06 07:25:17,38.843,640.0,0.0,98.0,187043.0,113293.0,41.436,3.269224,7342.0
2023-08-06 07:25:18,38.84,600.0,0.0,99.0,187104.0,113307.0,41.439,3.303306,7357.0
2023-08-06 07:25:19,38.893,680.0,0.0,96.0,187148.0,113314.0,41.511,3.287733,7365.0
2023-08-06 07:25:20,38.902,640.0,0.0,97.0,187060.0,113272.0,41.507,3.323783,7323.0
2023-08-06 07:25:21,38.881,560.0,0.0,99.0,187043.0,113245.0,41.452,3.7655,7314.0
2023-08-06 07:25:22,38.905,640.0,0.0,99.0,187005.0,113235.0,41.415,3.777762,7290.0
2023-08-06 07:25:23,38.869,600.0,0.0,100.0,186765.0,113174.0,41.489,3.579854,7227.0
2023-08-06 07:25:24,38.862,560.0,0.0,104.0,186698.0,113172.0,41.486,3.448763,7229.0
2023-08-06 07:25:25,38.888,560.0,0.0,105.0,186855.0,113224.0,41.387,3.391716,7298.0
2023-08-06 07:25:26,38.895,560.0,0.0,106.0,187027.0,113275.0,41.421,3.393362,7353.0
2023-08-06 07:25:27,38.881,640.0,0.0,103.0,187026.0,113262.0,41.479,3.39667,7338.0
2023-08-06 07:25:28,38.841,600.0,0.0,101.0,186996.0,113252.0,41.468,3.360644,7325.0
2023-08-06 07:25:29,38.903,600.0,0.0,101.0,187055.0,113248.0,41.401,3.336514,7334.0
2023-08-06 07:25:30,38.9,720.0,0.0,100.0,187096.0,113248.0,41.427,3.309571,7339.0
2023-08-06 07:25:31,38.869,680.0,0.0,95.0,187032.0,113240.0,41.405,3.297055,7309.0
2023-08-06 07:25:32,38.845,640.0,0.0,96.0,186975.0,113223.0,41.364,3.29861,7295.0
2023-08-06 07:25:33,38.903,640.0,0.0,95.0,187017.0,113234.0,41.432,3.309571,7317.0
2023-08-06 07:25:34,38.91,680.0,0.0,95.0,187043.0,113241.0,41.523,3.303306,7322.0
2023-08-06 07:25:35,38.895,640.0,0.0,93.0,186928.0,113210.0,41.462,3.27999,7286.0
2023-08-06 07:25:36,38.867,640.0,0.0,95.0,186950.0,113210.0,41.432,3.266149,7279.0
2023-08-06 07:25:37,38.905,600.0,0.0,96.0,187005.0,113230.0,41.475,3.252434,7303.0
2023-08-06 07:25:38,38.903,720.0,0.0,93.0,187041.0,113243.0,41.457,3.243352,7306.0
2023-08-06 07:25:39,38.886,640.0,0.0,92.0,187096.0,113255.0,41.408,3.238835,7334.0
2023-08-06 07:25:40,38.903,680.0,0.0,93.0,187236.0,113276.0,41.461,3.23433,7377.0
2023-08-06 07:25:41,38.891,720.0,0.0,91.0,187277.0,113291.0,41.471,3.231331,7387.0
2023-08-06 07:25:42,38.905,720.0,0.0,89.0,187200.0,113261.0,41.518,3.223862,7351.0
2023-08-06 07:25:43,38.934,680.0,0.0,89.0,187039.0,113207.0,41.393,3.219388,7304.0
2023-08-06 07:25:44,38.974,640.0,0.0,91.0,187047.0,113201.0,41.428,3.214927,7320.0
2023-08-06 07:25:45,38.908,640.0,0.0,91.0,187066.0,113220.0,41.496,3.216417,7330.0
2023-08-06 07:25:46,38.9,720.0,0.0,90.0,187037.0,113208.0,41.468,3.214927,7313.0
2023-08-06 07:25:47,38.915,680.0,0.0,89.0,186928.0,113166.0,41.44,3.252434,7263.0
2023-08-06 07:25:48,38.96,640.0,0.0,91.0,186866.0,113148.0,41.473,3.680029,7266.0
2023-08-06 07:25:49,38.991,720.0,0.0,89.0,186893.0,113164.0,41.437,3.703484,7292.0
2023-08-06 07:25:50,38.934,680.0,0.0,90.0,186888.0,113156.0,41.456,3.598339,7299.0
2023-08-06 07:25:51,38.929,640.0,0.0,91.0,186843.0,113141.0,41.467,3.452192,7315.0
2023-08-06 07:25:52,39.0,640.0,0.0,93.0,186890.0,113164.0,41.467,3.391716,7345.0
2023-08-06 07:25:53,38.974,640.0,0.0,93.0,186870.0,113153.0,41.438,3.355795,7340.0
2023-08-06 07:25:54,38.948,680.0,0.0,92.0,186778.0,113126.0,41.403,3.339712,7294.0
2023-08-06 07:25:55,38.872,640.0,0.0,94.0,186692.0,113095.0,41.486,3.323783,7258.0
2023-08-06 07:25:56,38.92,600.0,0.0,96.0,186758.0,113108.0,41.414,3.467647,7288.0
2023-08-06 07:25:57,38.92,720.0,0.0,93.0,186729.0,113093.0,41.416,3.476302,7274.0
2023-08-06 07:25:58,38.941,640.0,0.0,93.0,186811.0,113118.0,41.412,3.416654,7310.0
2023-08-06 07:25:59,38.962,640.0,0.0,93.0,186893.0,113132.0,41.478,3.352555,7333.0
2023-08-06 07:26:00,38.97,720.0,0.0,91.0,186932.0,113151.0,41.412,3.32854,7358.0
2023-08-06 07:26:01,38.974,680.0,0.0,91.0,186837.0,113109.0,41.507,3.317454,7307.0
2023-08-06 07:26:02,39.003,640.0,0.0,92.0,186806.0,113092.0,41.531,3.304868,7296.0
2023-08-06 07:26:03,38.955,640.0,0.0,94.0,186786.0,113087.0,41.49,3.292387,7290.0
2023-08-06 07:26:04,38.979,680.0,0.0,92.0,186708.0,113070.0,41.502,3.281529,7249.0
2023-08-06 07:26:05,38.953,640.0,0.0,94.0,186734.0,113075.0,41.544,3.278441,7264.0
2023-08-06 07:26:06,38.955,640.0,0.0,94.0,186784.0,113091.0,41.488,3.275359,7296.0
2023-08-06 07:26:07,38.97,680.0,0.0,93.0,186839.0,113113.0,41.462,3.267675,7310.0
2023-08-06 07:26:08,38.977,680.0,0.0,94.0,186824.0,113100.0,41.483,3.260037,7306.0
2023-08-06 07:26:09,39.005,640.0,0.0,94.0,186879.0,113112.0,41.514,3.249412,7327.0
2023-08-06 07:26:10,38.953,720.0,0.0,95.0,186912.0,113128.0,41.485,3.246384,7331.0
2023-08-06 07:26:11,39.001,640.0,0.0,93.0,186868.0,113099.0,41.466,3.241848,7311.0
2023-08-06 07:26:12,38.965,640.0,0.0,94.0,186771.0,113073.0,41.526,3.257,7287.0
2023-08-06 07:26:13,39.032,600.0,0.0,95.0,186771.0,113074.0,41.482,3.252434,7279.0
2023-08-06 07:26:14,38.991,680.0,0.0,95.0,186749.0,113075.0,41.538,3.246384,7279.0
2023-08-06 07:26:15,38.979,640.0,0.0,95.0,186631.0,113051.0,41.519,3.237325,7245.0
2023-08-06 07:26:16,39.015,600.0,0.0,96.0,186729.0,113091.0,41.615,3.31116,7282.0
2023-08-06 07:26:17,39.003,720.0,0.0,96.0,186764.0,113095.0,41.506,3.320615,7291.0
2023-08-06 07:26:18,39.025,640.0,0.0,93.0,186697.0,113080.0,41.55,3.289279,7257.0
2023-08-06 07:26:19,39.017,600.0,0.0,96.0,186613.0,113057.0,41.509,3.257,7253.0
2023-08-06 07:26:20,38.994,600.0,0.0,97.0,186590.0,113062.0,41.466,3.246384,7247.0
2023-08-06 07:26:21,38.965,640.0,0.0,96.0,186557.0,113044.0,41.467,3.240336,7222.0
2023-08-06 07:26:22,38.972,600.0,0.0,101.0,186452.0,113032.0,41.489,3.231331,7186.0
2023-08-06 07:26:23,38.982,640.0,0.0,99.0,186466.0,113054.0,41.506,3.226847,7188.0
2023-08-06 07:26:24,39.006,640.0,0.0,99.0,186498.0,113072.0,41.568,3.260037,7207.0
2023-08-06 07:26:25,39.008,600.0,0.0,99.0,186589.0,113093.0,41.527,3.272294,7241.0
2023-08-06 07:26:26,39.003,600.0,0.0,99.0,186763.0,113139.0,41.56,3.478031,7305.0
2023-08-06 07:26:27,39.003,720.0,0.0,96.0,186718.0,113109.0,41.469,3.53267,7294.0
2023-08-06 07:26:28,39.053,640.0,0.0,94.0,186637.0,113090.0,41.52,3.462472,7269.0
2023-08-06 07:26:29,39.027,600.0,0.0,96.0,186664.0,113102.0,41.534,3.367139,7301.0
2023-08-06 07:26:30,38.999,600.0,0.0,97.0,186705.0,113119.0,41.515,3.315881,7320.0
2023-08-06 07:26:31,39.008,720.0,0.0,94.0,186660.0,113099.0,41.553,3.287733,7296.0
2023-08-06 07:26:32,39.003,640.0,0.0,95.0,186468.0,113049.0,41.482,3.270753,7235.0
2023-08-06 07:26:33,38.999,640.0,0.0,94.0,186515.0,113066.0,41.507,3.261568,7254.0
2023-08-06 07:26:34,39.034,680.0,0.0,93.0,186563.0,113085.0,41.49,3.255473,7278.0
2023-08-06 07:26:35,38.972,680.0,0.0,92.0,186571.0,113086.0,41.44,3.249412,7282.0
2023-08-06 07:26:36,39.046,680.0,0.0,91.0,186417.0,113043.0,41.531,3.241848,7221.0
2023-08-06 07:26:37,39.075,640.0,0.0,91.0,186346.0,113031.0,41.459,3.241848,7202.0
2023-08-06 07:26:38,39.008,680.0,0.0,91.0,186388.0,113045.0,41.449,3.23433,7229.0
2023-08-06 07:26:39,38.994,720.0,0.0,90.0,186460.0,113060.0,41.557,3.232825,7253.0
2023-08-06 07:26:40,39.063,680.0,0.0,90.0,186454.0,113060.0,41.537,3.229828,7236.0
2023-08-06 07:26:41,39.063,680.0,0.0,90.0,186495.0,113059.0,41.54,3.225338,7253.0
2023-08-06 07:26:42,39.058,680.0,0.0,92.0,186533.0,113070.0,41.507,3.219388,7261.0
2023-08-06 07:26:43,39.023,680.0,0.0,91.0,186580.0,113071.0,41.5,3.225338,7269.0
2023-08-06 07:26:44,39.061,680.0,0.0,91.0,186459.0,113028.0,41.515,3.216417,7219.0
2023-08-06 07:26:45,39.034,600.0,0.0,93.0,186462.0,113027.0,41.523,3.209016,7240.0
2023-08-06 07:26:46,39.03,640.0,0.0,93.0,186485.0,113032.0,41.525,3.206063,7258.0
2023-08-06 07:26:47,38.987,720.0,0.0,91.0,186498.0,113032.0,41.552,3.207534,7264.0
2023-08-06 07:26:48,39.053,680.0,0.0,92.0,186478.0,113025.0,41.526,3.1987,7249.0
2023-08-06 07:26:49,39.046,600.0,0.0,93.0,186555.0,113037.0,41.506,3.1987,7289.0
2023-08-06 07:26:50,39.02,720.0,0.0,91.0,186591.0,113046.0,41.498,3.189925,7292.0
2023-08-06 07:26:51,39.056,640.0,0.0,91.0,186533.0,113021.0,41.513,3.187007,7266.0
2023-08-06 07:26:52,39.046,640.0,0.0,92.0,186527.0,113017.0,41.572,3.273826,7275.0
2023-08-06 07:26:53,39.065,640.0,0.0,92.0,186516.0,113002.0,41.528,3.287733,7270.0
2023-08-06 07:26:54,39.068,640.0,0.0,93.0,186417.0,112972.0,41.536,3.266149,7244.0
2023-08-06 07:26:55,39.032,600.0,0.0,96.0,186278.0,112944.0,41.516,3.383488,7208.0
2023-08-06 07:26:56,39.085,600.0,0.0,97.0,186342.0,112957.0,41.537,3.561558,7247.0
2023-08-06 07:26:57,39.085,680.0,0.0,95.0,186326.0,112966.0,41.459,3.534468,7252.0
2023-08-06 07:26:58,39.047,600.0,0.0,95.0,186306.0,112967.0,41.558,3.39832,7252.0
2023-08-06 07:26:59,39.035,600.0,0.0,98.0,186353.0,112979.0,41.53,3.331734,7272.0
2023-08-06 07:27:00,38.98,680.0,0.0,96.0,186308.0,112970.0,41.538,3.330125,7263.0
2023-08-06 07:27:01,39.039,680.0,0.0,97.0,186310.0,112976.0,41.552,3.559732,7252.0
2023-08-06 07:27:02,39.068,640.0,0.0,96.0,186315.0,112971.0,41.518,3.751318,7265.0
2023-08-06 07:27:03,39.068,640.0,0.0,95.0,186314.0,112958.0,41.554,3.719297,7254.0
2023-08-06 07:27:04,39.068,680.0,0.0,95.0,186118.0,112916.0,41.559,3.543448,7201.0
2023-08-06 07:27:05,39.061,560.0,0.0,98.0,186136.0,112915.0,41.585,3.455616,7217.0
2023-08-06 07:27:06,39.032,640.0,0.0,97.0,186146.0,112920.0,41.519,3.436863,7222.0
2023-08-06 07:27:07,39.049,680.0,0.0,94.0,186034.0,112899.0,41.562,3.419996,7187.0
2023-08-06 07:27:08,39.042,560.0,0.0,97.0,186086.0,112914.0,41.538,3.557921,7203.0
2023-08-06 07:27:09,39.082,680.0,0.0,98.0,186099.0,112918.0,41.552,3.609509,7211.0
2023-08-06 07:27:10,39.073,640.0,0.0,95.0,186087.0,112918.0,41.56,3.552486,7210.0
2023-08-06 07:27:11,39.106,600.0,0.0,99.0,185981.0,112900.0,41.558,3.452192,7169.0
2023-08-06 07:27:12,39.056,560.0,0.0,102.0,185967.0,112898.0,41.539,3.423356,7173.0
2023-08-06 07:27:13,39.063,600.0,0.0,102.0,185949.0,112898.0,41.551,3.413307,7139.0
2023-08-06 07:27:14,39.087,600.0,0.0,101.0,185914.0,112906.0,41.512,3.441962,7118.0
2023-08-06 07:27:15,39.054,640.0,0.0,102.0,186026.0,112938.0,41.536,3.543448,7152.0
2023-08-06 07:27:16,39.004,640.0,0.0,99.0,186071.0,112954.0,41.581,3.547068,7168.0
2023-08-06 07:27:17,39.082,680.0,0.0,97.0,186052.0,112952.0,41.514,3.453897,7172.0
2023-08-06 07:27:18,38.963,600.0,0.0,98.0,186154.0,112973.0,41.578,3.504259,7223.0
2023-08-06 07:27:19,39.032,640.0,0.0,97.0,186335.0,113013.0,41.607,3.514852,7281.0
2023-08-06 07:27:20,39.068,680.0,0.0,95.0,186348.0,113026.0,41.554,3.469367,7272.0
2023-08-06 07:27:21,39.066,560.0,0.0,97.0,186340.0,113009.0,41.571,3.539848,7275.0
2023-08-06 07:27:22,39.08,640.0,0.0,97.0,186387.0,113014.0,41.529,3.891656,7277.0
2023-08-06 07:27:23,39.063,640.0,0.0,96.0,186213.0,112950.0,41.525,3.885155,7207.0
2023-08-06 07:27:24,39.059,640.0,0.0,98.0,186042.0,112904.0,41.566,3.705447,7155.0
2023-08-06 07:27:25,39.104,600.0,0.0,99.0,185924.0,112892.0,41.589,3.57618,7150.0
2023-08-06 07:27:26,39.104,640.0,0.0,98.0,185841.0,112887.0,41.535,3.587212,7131.0
2023-08-06 07:27:27,39.087,680.0,0.0,96.0,185807.0,112896.0,41.551,3.592767,7132.0
2023-08-06 07:27:28,39.08,640.0,0.0,96.0,185894.0,112924.0,41.551,3.583536,7176.0
2023-08-06 07:27:29,39.085,640.0,0.0,95.0,186018.0,112973.0,41.522,3.613252,7202.0
2023-08-06 07:27:30,39.063,680.0,0.0,94.0,186008.0,112971.0,41.554,3.583536,7187.0
2023-08-06 07:27:31,39.025,600.0,0.0,95.0,186058.0,112970.0,41.556,3.574352,7204.0
2023-08-06 07:27:32,39.049,640.0,0.0,96.0,186112.0,112984.0,41.525,3.590909,7224.0
2023-08-06 07:27:33,39.08,680.0,0.0,94.0,186028.0,112958.0,41.54,3.565202,7170.0
2023-08-06 07:27:34,39.059,640.0,0.0,95.0,185977.0,112943.0,41.537,3.518401,7154.0
2023-08-06 07:27:35,39.073,600.0,0.0,98.0,185953.0,112945.0,41.552,3.493718,7152.0
2023-08-06 07:27:36,39.078,640.0,0.0,97.0,185980.0,112949.0,41.562,3.567021,7161.0
2023-08-06 07:27:37,39.066,640.0,0.0,96.0,186001.0,112955.0,41.562,3.715331,7161.0
2023-08-06 07:27:38,39.073,640.0,0.0,95.0,186099.0,112975.0,41.52,3.71136,7217.0
2023-08-06 07:27:39,39.068,720.0,0.0,95.0,186168.0,113003.0,41.573,3.613252,7241.0
2023-08-06 07:27:40,39.071,680.0,0.0,91.0,186121.0,112970.0,41.558,3.7655,7231.0
2023-08-06 07:27:41,39.061,680.0,0.0,93.0,186093.0,112957.0,41.536,4.024226,7221.0
2023-08-06 07:27:42,39.173,640.0,0.0,94.0,186091.0,112949.0,41.551,3.985112,7229.0
2023-08-06 07:27:43,39.047,640.0,0.0,94.0,186082.0,112953.0,41.524,3.767557,7223.0
2023-08-06 07:27:44,39.109,640.0,0.0,95.0,185893.0,112889.0,41.546,3.672258,7143.0
2023-08-06 07:27:45,39.087,600.0,0.0,101.0,185745.0,112851.0,41.528,3.844424,7106.0
2023-08-06 07:27:46,39.142,640.0,0.0,99.0,185693.0,112869.0,41.54,3.84867,7104.0
2023-08-06 07:27:47,39.142,640.0,0.0,98.0,185668.0,112886.0,41.541,3.719297,7088.0
2023-08-06 07:27:48,39.149,640.0,0.0,96.0,185848.0,112948.0,41.604,3.654944,7145.0
2023-08-06 07:27:49,39.116,680.0,0.0,96.0,185978.0,112965.0,41.529,3.676133,7189.0
2023-08-06 07:27:50,39.102,720.0,0.0,92.0,186113.0,113001.0,41.571,3.729242,7212.0
2023-08-06 07:27:51,39.111,680.0,0.0,93.0,186203.0,113008.0,41.643,3.707439,7240.0
2023-08-06 07:27:52,39.113,680.0,0.0,92.0,186424.0,113057.0,41.56,3.630199,7309.0
2023-08-06 07:27:53,39.097,720.0,0.0,92.0,186452.0,113048.0,41.618,3.592767,7322.0
2023-08-06 07:27:54,39.123,680.0,0.0,90.0,186386.0,113018.0,41.554,3.567021,7279.0
2023-08-06 07:27:55,39.123,600.0,0.0,95.0,186256.0,112970.0,41.578,3.874347,7231.0
2023-08-06 07:27:56,39.08,640.0,0.0,95.0,186257.0,112970.0,41.591,4.012648,7219.0
2023-08-06 07:27:57,39.066,640.0,0.0,95.0,186192.0,112940.0,41.592,3.931158,7191.0
2023-08-06 07:27:58,39.118,600.0,0.0,98.0,186002.0,112905.0,41.638,3.755361,7153.0
2023-08-06 07:27:59,39.166,560.0,0.0,100.0,186082.0,112931.0,41.627,3.666469,7218.0
2023-08-06 07:28:00,39.075,680.0,0.0,99.0,186150.0,112966.0,41.535,3.653008,7239.0
2023-08-06 07:28:01,39.111,640.0,0.0,96.0,186115.0,112945.0,41.62,3.647279,7228.0
2023-08-06 07:28:02,39.14,640.0,0.0,95.0,186225.0,112971.0,41.594,3.61512,7262.0
2023-08-06 07:28:03,39.111,640.0,0.0,95.0,186262.0,112976.0,41.559,3.594614,7257.0
2023-08-06 07:28:04,39.126,720.0,0.0,92.0,186269.0,112975.0,41.633,3.57618,7247.0
2023-08-06 07:28:05,39.078,640.0,0.0,91.0,186104.0,112930.0,41.555,3.567021,7172.0
2023-08-06 07:28:06,39.092,640.0,0.0,92.0,186122.0,112943.0,41.576,3.559732,7188.0
2023-08-06 07:28:07,39.161,640.0,0.0,93.0,186156.0,112949.0,41.599,3.552486,7197.0
2023-08-06 07:28:08,39.123,720.0,0.0,91.0,186171.0,112969.0,41.656,3.554292,7195.0
2023-08-06 07:28:09,39.159,640.0,0.0,93.0,186057.0,112936.0,41.624,3.539848,7144.0
2023-08-06 07:28:10,39.159,640.0,0.0,93.0,186236.0,112981.0,41.68,3.536255,7212.0
2023-08-06 07:28:11,39.109,680.0,0.0,92.0,186337.0,113003.0,41.681,3.529104,7259.0
2023-08-06 07:28:12,39.095,760.0,0.0,88.0,186384.0,113011.0,41.643,3.518401,7278.0
2023-08-06 07:28:13,39.209,640.0,0.0,90.0,186428.0,113010.0,41.631,3.518401,7292.0
2023-08-06 07:28:14,39.166,680.0,0.0,90.0,186520.0,113021.0,41.663,3.518401,7330.0
2023-08-06 07:28:15,39.135,760.0,0.0,88.0,186486.0,113010.0,41.682,3.514852,7309.0
2023-08-06 07:28:16,39.216,680.0,0.0,88.0,186436.0,112989.0,41.62,3.61512,7283.0
2023-08-06 07:28:17,39.152,600.0,0.0,91.0,186434.0,112980.0,41.604,3.880812,7282.0
2023-08-06 07:28:18,39.166,680.0,0.0,91.0,186409.0,112962.0,41.66,3.880812,7284.0
2023-08-06 07:28:19,39.166,720.0,0.0,89.0,186171.0,112898.0,41.608,3.852941,7209.0
2023-08-06 07:28:20,39.14,600.0,0.0,95.0,186026.0,112866.0,41.635,3.985112,7176.0
2023-08-06 07:28:21,39.147,600.0,0.0,97.0,185953.0,112862.0,41.615,4.038201,7183.0
2023-08-06 07:28:22,39.147,680.0,0.0,95.0,185941.0,112860.0,41.672,3.960208,7178.0
2023-08-06 07:28:23,39.154,600.0,0.0,97.0,185830.0,112843.0,41.725,3.808726,7147.0
2023-08-06 07:28:24,39.173,640.0,0.0,99.0,185862.0,112861.0,41.65,3.737256,7181.0
2023-08-06 07:28:25,39.095,600.0,0.0,98.0,185869.0,112866.0,41.612,3.697596,7174.0
2023-08-06 07:28:26,39.154,600.0,0.0,100.0,185951.0,112897.0,41.643,3.680029,7194.0
2023-08-06 07:28:27,39.154,600.0,0.0,102.0,186042.0,112900.0,41.722,3.658782,7218.0
2023-08-06 07:28:28,39.18,600.0,0.0,101.0,186157.0,112932.0,41.652,3.649209,7242.0
2023-08-06 07:28:29,39.159,680.0,0.0,98.0,186126.0,112909.0,41.743,3.637766,7209.0
2023-08-06 07:28:30,39.195,640.0,0.0,96.0,185987.0,112871.0,41.618,3.633972,7162.0
2023-08-06 07:28:31,39.162,600.0,0.0,99.0,186005.0,112876.0,41.669,3.741255,7171.0
2023-08-06 07:28:32,39.178,680.0,0.0,98.0,186048.0,112888.0,41.64,3.753345,7204.0
2023-08-06 07:28:33,39.124,640.0,0.0,95.0,185987.0,112882.0,41.694,3.68392,7174.0
2023-08-06 07:28:34,39.109,640.0,0.0,98.0,186077.0,112905.0,41.626,3.632084,7234.0
2023-08-06 07:28:35,39.192,600.0,0.0,98.0,186156.0,112942.0,41.633,3.632084,7270.0
2023-08-06 07:28:36,39.192,720.0,0.0,95.0,186171.0,112938.0,41.684,3.617003,7262.0
2023-08-06 07:28:37,39.174,640.0,0.0,94.0,186105.0,112916.0,41.619,3.592767,7237.0
2023-08-06 07:28:38,39.185,640.0,0.0,95.0,186195.0,112931.0,41.687,3.579854,7276.0
2023-08-06 07:28:39,39.157,600.0,0.0,96.0,186233.0,112940.0,41.637,3.568841,7283.0
2023-08-06 07:28:40,39.114,760.0,0.0,93.0,186147.0,112921.0,41.649,3.570676,7244.0
2023-08-06 07:28:41,39.198,640.0,0.0,94.0,186078.0,112899.0,41.674,3.568841,7216.0
2023-08-06 07:28:42,39.181,640.0,0.0,94.0,186126.0,112909.0,41.684,3.556112,7246.0
2023-08-06 07:28:43,39.174,680.0,0.0,93.0,186110.0,112905.0,41.621,3.550657,7230.0
2023-08-06 07:28:44,39.183,640.0,0.0,92.0,186142.0,112910.0,41.711,3.538057,7257.0
2023-08-06 07:28:45,39.219,640.0,0.0,93.0,186216.0,112924.0,41.743,3.53267,7291.0
2023-08-06 07:28:46,39.188,680.0,0.0,92.0,186243.0,112935.0,41.642,3.529104,7302.0
2023-08-06 07:28:47,39.228,720.0,0.0,91.0,186152.0,112898.0,41.683,3.521958,7252.0
2023-08-06 07:28:48,39.292,600.0,0.0,93.0,186058.0,112868.0,41.68,3.5725,7220.0
2023-08-06 07:28:49,39.207,680.0,0.0,94.0,186036.0,112861.0,41.62,3.622637,7232.0
2023-08-06 07:28:50,39.21,640.0,0.0,93.0,185951.0,112842.0,41.69,3.602059,7191.0
2023-08-06 07:28:51,39.24,640.0,0.0,93.0,185854.0,112823.0,41.77,3.556112,7176.0
2023-08-06 07:28:52,39.25,640.0,0.0,95.0,185892.0,112833.0,41.736,3.539848,7214.0
2023-08-06 07:28:53,39.202,680.0,0.0,93.0,185991.0,112872.0,41.739,3.530886,7239.0
2023-08-06 07:28:54,39.16,680.0,0.0,92.0,185985.0,112864.0,41.652,3.521958,7243.0
2023-08-06 07:28:55,39.236,640.0,0.0,92.0,186020.0,112861.0,41.692,3.513086,7260.0
2023-08-06 07:28:56,39.205,680.0,0.0,93.0,185987.0,112858.0,41.682,3.518401,7238.0
2023-08-06 07:28:57,39.217,680.0,0.0,92.0,185941.0,112835.0,41.757,3.507787,7217.0
2023-08-06 07:28:58,39.179,640.0,0.0,94.0,185737.0,112782.0,41.679,3.500739,7142.0
2023-08-06 07:28:59,39.214,600.0,0.0,95.0,185784.0,112806.0,41.68,3.502504,7180.0
2023-08-06 07:29:00,39.157,680.0,0.0,95.0,185801.0,112819.0,41.72,3.488465,7199.0
2023-08-06 07:29:01,39.238,680.0,0.0,92.0,185804.0,112816.0,41.684,3.478031,7187.0
2023-08-06 07:29:02,39.193,680.0,0.0,93.0,185895.0,112842.0,41.711,3.472837,7234.0
2023-08-06 07:29:03,39.219,680.0,0.0,94.0,185938.0,112851.0,41.748,3.472837,7250.0
2023-08-06 07:29:04,39.236,720.0,0.0,92.0,185977.0,112854.0,41.739,3.469367,7244.0
2023-08-06 07:29:05,39.226,640.0,0.0,92.0,185861.0,112812.0,41.759,3.467647,7203.0
2023-08-06 07:29:06,39.231,640.0,0.0,94.0,185839.0,112805.0,41.742,3.464199,7218.0
2023-08-06 07:29:07,39.193,680.0,0.0,95.0,185851.0,112801.0,41.743,3.455616,7224.0
2023-08-06 07:29:08,39.245,680.0,0.0,93.0,185849.0,112814.0,41.68,3.453897,7233.0
2023-08-06 07:29:09,39.241,640.0,0.0,94.0,185811.0,112798.0,41.679,3.453897,7224.0
2023-08-06 07:29:10,39.217,640.0,0.0,94.0,185907.0,112832.0,41.757,3.448763,7261.0
2023-08-06 07:29:11,39.25,680.0,0.0,93.0,185934.0,112840.0,41.743,3.441962,7265.0
2023-08-06 07:29:12,39.25,680.0,0.0,91.0,185812.0,112812.0,41.756,3.440257,7225.0
2023-08-06 07:29:13,39.203,640.0,0.0,92.0,185717.0,112776.0,41.808,3.433488,7168.0
2023-08-06 07:29:14,39.279,680.0,0.0,91.0,185708.0,112777.0,41.822,3.430108,7188.0
2023-08-06 07:29:15,39.226,680.0,0.0,92.0,185689.0,112780.0,41.736,3.425056,7177.0
2023-08-06 07:29:16,39.243,600.0,0.0,93.0,185629.0,112770.0,41.72,3.421681,7154.0
2023-08-06 07:29:17,39.233,680.0,0.0,92.0,185752.0,112798.0,41.764,3.421681,7221.0
2023-08-06 07:29:18,39.177,640.0,0.0,93.0,185848.0,112830.0,41.782,3.414974,7249.0
2023-08-06 07:29:19,39.184,720.0,0.0,92.0,185911.0,112842.0,41.725,3.426735,7272.0
2023-08-06 07:29:20,39.181,680.0,0.0,89.0,185940.0,112854.0,41.746,3.513086,7270.0
2023-08-06 07:29:21,39.219,680.0,0.0,92.0,185999.0,112857.0,41.762,3.516632,7291.0
2023-08-06 07:29:22,39.246,680.0,0.0,91.0,186023.0,112843.0,41.701,3.474551,7291.0
2023-08-06 07:29:23,39.34,720.0,0.0,90.0,185914.0,112816.0,41.786,3.443657,7246.0
2023-08-06 07:29:24,39.262,600.0,0.0,94.0,185810.0,112784.0,41.79,3.447063,7229.0
2023-08-06 07:29:25,39.222,640.0,0.0,94.0,185784.0,112780.0,41.742,3.433488,7241.0
2023-08-06 07:29:26,39.25,640.0,0.0,97.0,185633.0,112741.0,41.864,3.428403,7164.0
2023-08-06 07:29:27,39.267,560.0,0.0,101.0,185519.0,112701.0,41.765,3.426735,7129.0
2023-08-06 07:29:28,39.25,560.0,0.0,102.0,185552.0,112735.0,41.788,3.431792,7145.0
2023-08-06 07:29:29,39.312,640.0,0.0,100.0,185521.0,112738.0,41.767,3.416654,7116.0
2023-08-06 07:29:30,39.215,520.0,0.0,106.0,185556.0,112759.0,41.776,3.413307,7111.0
2023-08-06 07:29:31,39.229,600.0,0.0,106.0,185911.0,112857.0,41.806,3.421681,7258.0
2023-08-06 07:29:32,39.295,600.0,0.0,104.0,186300.0,112960.0,41.723,3.408305,7392.0
2023-08-06 07:29:33,39.295,680.0,0.0,100.0,186366.0,112978.0,41.714,3.403294,7405.0
2023-08-06 07:29:34,39.307,800.0,0.0,95.0,186284.0,112948.0,41.745,3.435175,7373.0
2023-08-06 07:29:35,39.246,640.0,0.0,96.0,186063.0,112854.0,41.754,3.500739,7278.0
2023-08-06 07:29:36,39.26,600.0,0.0,97.0,185965.0,112835.0,41.713,3.491961,7231.0
2023-08-06 07:29:37,39.284,680.0,0.0,96.0,185683.0,112772.0,41.825,3.447063,7153.0
2023-08-06 07:29:38,39.26,640.0,0.0,95.0,185647.0,112780.0,41.72,3.419996,7158.0
2023-08-06 07:29:39,39.251,640.0,0.0,95.0,185715.0,112824.0,41.808,3.404974,7178.0
2023-08-06 07:29:40,39.26,680.0,0.0,93.0,185670.0,112811.0,41.774,3.395009,7163.0
2023-08-06 07:29:41,39.272,720.0,0.0,93.0,185550.0,112789.0,41.77,3.39006,7112.0
2023-08-06 07:29:42,39.246,640.0,0.0,95.0,185517.0,112778.0,41.759,3.383488,7096.0
2023-08-06 07:29:43,39.31,640.0,0.0,95.0,185495.0,112796.0,41.782,3.37855,7081.0
2023-08-06 07:29:44,39.31,680.0,0.0,95.0,185426.0,112785.0,41.835,3.37855,7068.0
2023-08-06 07:29:45,39.248,600.0,0.0,96.0,185598.0,112823.0,41.786,3.404974,7141.0
2023-08-06 07:29:46,39.277,680.0,0.0,95.0,185666.0,112838.0,41.807,3.433488,7184.0
2023-08-06 07:29:47,39.279,760.0,0.0,90.0,185704.0,112854.0,41.765,3.421681,7188.0
2023-08-06 07:29:48,39.296,640.0,0.0,92.0,185557.0,112804.0,41.753,3.391716,7129.0
2023-08-06 07:29:49,39.274,640.0,0.0,92.0,185578.0,112808.0,41.776,3.37855,7150.0
2023-08-06 07:29:50,39.27,720.0,0.0,93.0,185591.0,112806.0,41.761,3.368762,7149.0
2023-08-06 07:29:51,39.251,640.0,0.0,91.0,185430.0,112757.0,41.754,3.36226,7107.0
2023-08-06 07:29:52,39.258,640.0,0.0,92.0,185388.0,112752.0,41.834,3.35903,7100.0
2023-08-06 07:29:53,39.237,640.0,0.0,93.0,185481.0,112789.0,41.874,3.357395,7131.0
2023-08-06 07:29:54,39.229,720.0,0.0,93.0,185545.0,112807.0,41.804,3.357395,7162.0
2023-08-06 07:29:55,39.27,640.0,0.0,91.0,185559.0,112798.0,41.797,3.349332,7165.0
2023-08-06 07:29:56,39.274,680.0,0.0,93.0,185681.0,112810.0,41.789,3.347728,7200.0
2023-08-06 07:29:57,39.279,680.0,0.0,92.0,185723.0,112830.0,41.793,3.339712,7227.0
2023-08-06 07:29:58,39.255,720.0,0.0,90.0,185686.0,112811.0,41.839,3.344515,7198.0
2023-08-06 07:29:59,39.253,640.0,0.0,90.0,185402.0,112715.0,41.796,3.360644,7100.0
2023-08-06 07:30:00,39.248,640.0,0.0,92.0,185391.0,112725.0,41.849,3.385126,7098.0
2023-08-06 07:30:01,39.298,680.0,0.0,91.0,185388.0,112729.0,41.875,3.385126,7101.0
2023-08-06 07:30:02,39.244,680.0,0.0,91.0,185374.0,112732.0,41.882,3.418324,7108.0
2023-08-06 07:30:03,39.277,640.0,0.0,92.0,185435.0,112748.0,41.795,3.455616,7141.0
2023-08-06 07:30:04,39.267,640.0,0.0,94.0,185526.0,112759.0,41.804,3.441962,7188.0
2023-08-06 07:30:05,39.308,680.0,0.0,94.0,185459.0,112739.0,41.854,3.404974,7167.0
2023-08-06 07:30:06,39.277,600.0,0.0,95.0,185503.0,112740.0,41.8,3.462472,7176.0
2023-08-06 07:30:07,39.265,640.0,0.0,96.0,185552.0,112747.0,41.779,3.525534,7193.0
2023-08-06 07:30:08,39.267,680.0,0.0,94.0,185454.0,112714.0,41.779,3.511322,7140.0
2023-08-06 07:30:09,39.313,640.0,0.0,95.0,185448.0,112696.0,41.846,3.428403,7153.0
2023-08-06 07:30:10,39.329,640.0,0.0,96.0,185479.0,112706.0,41.863,3.607647,7155.0
2023-08-06 07:30:11,39.277,720.0,0.0,93.0,185491.0,112715.0,41.807,3.707439,7175.0
2023-08-06 07:30:12,39.306,640.0,0.0,95.0,185298.0,112671.0,41.887,3.647279,7116.0
2023-08-06 07:30:13,39.306,600.0,0.0,96.0,185385.0,112679.0,41.848,3.538057,7171.0
2023-08-06 07:30:14,39.27,680.0,0.0,95.0,185441.0,112704.0,41.828,3.481506,7178.0
2023-08-06 07:30:15,39.289,680.0,0.0,93.0,185379.0,112687.0,41.841,3.452192,7156.0
2023-08-06 07:30:16,39.294,600.0,0.0,96.0,185238.0,112641.0,41.828,3.433488,7107.0
2023-08-06 07:30:17,39.32,640.0,0.0,95.0,185203.0,112642.0,41.881,3.416654,7093.0
2023-08-06 07:30:18,39.301,640.0,0.0,95.0,185138.0,112633.0,41.846,3.41163,7062.0
2023-08-06 07:30:19,39.267,680.0,0.0,93.0,185172.0,112658.0,41.794,3.401638,7089.0
2023-08-06 07:30:20,39.403,680.0,0.0,92.0,185332.0,112703.0,41.852,3.393362,7142.0
2023-08-06 07:30:21,39.303,640.0,0.0,93.0,185392.0,112719.0,41.838,3.39667,7166.0
2023-08-06 07:30:22,39.296,640.0,0.0,93.0,185578.0,112753.0,41.906,3.39006,7229.0
2023-08-06 07:30:23,39.296,640.0,0.0,95.0,185651.0,112772.0,41.817,3.385126,7238.0
2023-08-06 07:30:24,39.284,760.0,0.0,91.0,185711.0,112774.0,41.872,3.376918,7259.0
2023-08-06 07:30:25,39.372,680.0,0.0,92.0,185533.0,112720.0,41.879,3.373648,7177.0
2023-08-06 07:30:26,39.277,600.0,0.0,94.0,185511.0,112709.0,41.892,3.372022,7165.0
2023-08-06 07:30:27,39.291,680.0,0.0,95.0,185431.0,112686.0,41.905,3.367139,7155.0
2023-08-06 07:30:28,39.308,640.0,0.0,94.0,185236.0,112631.0,41.888,3.365508,7095.0
2023-08-06 07:30:29,39.348,640.0,0.0,94.0,185233.0,112653.0,41.853,3.35903,7109.0
2023-08-06 07:30:30,39.296,680.0,0.0,93.0,185267.0,112669.0,41.827,3.35903,7119.0
2023-08-06 07:30:31,39.291,720.0,0.0,91.0,185326.0,112689.0,41.826,3.352555,7146.0
2023-08-06 07:30:32,39.334,680.0,0.0,90.0,185386.0,112697.0,41.749,3.352555,7164.0
2023-08-06 07:30:33,39.268,680.0,0.0,91.0,185518.0,112728.0,41.805,3.342916,7207.0
2023-08-06 07:30:34,39.339,680.0,0.0,90.0,185541.0,112728.0,41.896,3.334923,7218.0
2023-08-06 07:30:35,39.332,680.0,0.0,90.0,185526.0,112712.0,41.861,3.352555,7216.0
2023-08-06 07:30:36,39.303,720.0,0.0,89.0,185350.0,112654.0,41.893,3.592767,7131.0
2023-08-06 07:30:37,39.289,640.0,0.0,91.0,185250.0,112632.0,41.871,3.603915,7104.0
2023-08-06 07:30:38,39.341,600.0,0.0,93.0,185247.0,112634.0,41.923,3.536255,7134.0
2023-08-06 07:30:39,39.263,680.0,0.0,92.0,185356.0,112682.0,41.872,3.506016,7180.0
2023-08-06 07:30:40,39.384,680.0,0.0,90.0,185357.0,112679.0,41.878,3.464199,7190.0
2023-08-06 07:30:41,39.363,640.0,0.0,92.0,185530.0,112724.0,41.815,3.431792,7247.0
2023-08-06 07:30:42,39.334,680.0,0.0,94.0,185563.0,112720.0,41.857,3.408305,7262.0
2023-08-06 07:30:43,39.277,720.0,0.0,90.0,185558.0,112715.0,41.935,3.39667,7249.0
2023-08-06 07:30:44,39.318,600.0,0.0,94.0,185378.0,112648.0,41.869,3.428403,7171.0
2023-08-06 07:30:45,39.311,600.0,0.0,95.0,185365.0,112642.0,41.865,3.486726,7188.0
2023-08-06 07:30:46,39.337,680.0,0.0,95.0,185354.0,112632.0,41.848,3.467647,7186.0
2023-08-06 07:30:47,39.32,640.0,0.0,94.0,185190.0,112580.0,41.819,3.425056,7122.0
2023-08-06 07:30:48,39.313,680.0,0.0,94.0,185206.0,112591.0,41.908,3.386765,7133.0
2023-08-06 07:30:49,39.334,640.0,0.0,93.0,185293.0,112604.0,41.884,3.380206,7176.0
2023-08-06 07:30:50,39.325,640.0,0.0,93.0,185370.0,112633.0,41.85,3.367139,7186.0
2023-08-06 07:30:51,39.299,720.0,0.0,91.0,185271.0,112607.0,41.878,3.367139,7141.0
2023-08-06 07:30:52,39.303,600.0,0.0,96.0,185196.0,112587.0,41.931,3.368762,7103.0
2023-08-06 07:30:53,39.32,640.0,0.0,99.0,185241.0,112620.0,41.806,3.365508,7124.0
2023-08-06 07:30:54,39.32,640.0,0.0,97.0,185187.0,112601.0,41.852,3.357395,7109.0
2023-08-06 07:30:55,39.391,680.0,0.0,96.0,185170.0,112609.0,41.875,3.342916,7119.0
2023-08-06 07:30:56,39.313,600.0,0.0,97.0,185240.0,112625.0,41.88,3.341308,7150.0
2023-08-06 07:30:57,39.372,720.0,0.0,94.0,185259.0,112623.0,41.898,3.32854,7150.0
2023-08-06 07:30:58,39.325,640.0,0.0,93.0,185258.0,112630.0,41.842,3.338107,7147.0
2023-08-06 07:30:59,39.382,680.0,0.0,94.0,185409.0,112656.0,41.9,3.355795,7201.0
2023-08-06 07:31:00,39.339,680.0,0.0,92.0,185458.0,112665.0,41.912,3.347728,7217.0
2023-08-06 07:31:01,39.349,720.0,0.0,92.0,185434.0,112661.0,41.894,3.414974,7206.0
2023-08-06 07:31:02,39.301,640.0,0.0,93.0,185277.0,112613.0,41.919,3.469367,7137.0
2023-08-06 07:31:03,39.308,600.0,0.0,94.0,185273.0,112609.0,41.88,3.467647,7156.0
2023-08-06 07:31:04,39.323,680.0,0.0,93.0,185250.0,112606.0,41.855,3.421681,7140.0
2023-08-06 07:31:05,39.346,680.0,0.0,92.0,185149.0,112588.0,41.902,3.380206,7102.0
2023-08-06 07:31:06,39.351,600.0,0.0,95.0,184870.0,112553.0,41.881,3.436863,7014.0
2023-08-06 07:31:07,39.36,640.0,0.0,95.0,184905.0,112581.0,41.965,3.452192,7033.0
2023-08-06 07:31:08,39.36,680.0,0.0,93.0,184970.0,112616.0,41.924,3.430108,7053.0
2023-08-06 07:31:09,39.292,600.0,0.0,98.0,185028.0,112633.0,41.881,3.37855,7069.0
2023-08-06 07:31:10,39.372,600.0,0.0,98.0,185331.0,112705.0,41.957,3.472837,7162.0
2023-08-06 07:31:11,39.304,600.0,0.0,100.0,185681.0,112763.0,41.887,3.812879,7282.0
2023-08-06 07:31:12,39.304,640.0,0.0,99.0,185684.0,112754.0,41.92,3.821242,7277.0
2023-08-06 07:31:13,39.384,720.0,0.0,96.0,185524.0,112697.0,41.918,3.695628,7204.0
2023-08-06 07:31:14,39.337,520.0,0.0,106.0,185378.0,112646.0,41.897,3.594614,7178.0
2023-08-06 07:31:15,39.337,600.0,0.0,106.0,185511.0,112690.0,41.92,3.548868,7230.0
2023-08-06 07:31:16,39.313,720.0,0.0,100.0,185591.0,112707.0,41.925,3.525534,7253.0
2023-08-06 07:31:17,39.342,640.0,0.0,99.0,185514.0,112689.0,41.925,3.502504,7206.0
2023-08-06 07:31:18,39.344,640.0,0.0,98.0,185381.0,112648.0,41.925,3.495465,7132.0
2023-08-06 07:31:19,39.349,600.0,0.0,99.0,185203.0,112616.0,41.892,3.48324,7066.0
2023-08-06 07:31:20,39.339,560.0,0.0,104.0,185207.0,112652.0,41.93,3.525534,7089.0
2023-08-06 07:31:21,39.354,640.0,0.0,103.0,185263.0,112671.0,41.89,3.556112,7102.0
2023-08-06 07:31:22,39.313,680.0,0.0,98.0,185250.0,112678.0,41.898,3.534468,7094.0
2023-08-06 07:31:23,39.387,640.0,0.0,99.0,185221.0,112665.0,41.917,3.490219,7077.0
2023-08-06 07:31:24,39.354,640.0,0.0,97.0,185367.0,112702.0,41.932,3.469367,7129.0
2023-08-06 07:31:25,39.349,640.0,0.0,96.0,185482.0,112732.0,41.967,3.450489,7161.0
2023-08-06 07:31:26,39.434,600.0,0.0,97.0,185600.0,112758.0,41.968,3.447063,7193.0
2023-08-06 07:31:27,39.434,720.0,0.0,94.0,185464.0,112720.0,41.967,3.687819,7139.0
2023-08-06 07:31:28,39.441,600.0,0.0,98.0,185064.0,112597.0,41.868,3.829657,6998.0
2023-08-06 07:31:29,39.342,560.0,0.0,100.0,185122.0,112636.0,41.899,3.808726,7065.0
2023-08-06 07:31:30,39.37,640.0,0.0,100.0,185400.0,112717.0,41.897,3.662615,7176.0
2023-08-06 07:31:31,39.373,680.0,0.0,96.0,185577.0,112760.0,41.869,3.594614,7246.0
2023-08-06 07:31:32,39.356,800.0,0.0,92.0,185557.0,112743.0,41.909,3.565202,7224.0
2023-08-06 07:31:33,39.389,680.0,0.0,90.0,185450.0,112695.0,41.955,3.547068,7182.0
2023-08-06 07:31:34,39.306,600.0,0.0,94.0,185335.0,112660.0,41.913,3.539848,7136.0
2023-08-06 07:31:35,39.413,560.0,0.0,97.0,185291.0,112655.0,41.962,3.529104,7109.0
2023-08-06 07:31:36,39.404,680.0,0.0,95.0,185229.0,112648.0,42.045,3.520197,7081.0
2023-08-06 07:31:37,39.366,640.0,0.0,96.0,185016.0,112594.0,41.967,3.504259,7014.0
2023-08-06 07:31:38,39.309,600.0,0.0,96.0,185132.0,112659.0,41.933,3.490219,7062.0
2023-08-06 07:31:39,39.378,640.0,0.0,97.0,185339.0,112695.0,42.001,3.478031,7124.0
2023-08-06 07:31:40,39.37,680.0,0.0,95.0,185429.0,112716.0,41.959,3.476302,7150.0
2023-08-06 07:31:41,39.378,720.0,0.0,92.0,185351.0,112687.0,41.936,3.472837,7124.0
2023-08-06 07:31:42,39.361,640.0,0.0,93.0,185176.0,112632.0,41.96,3.465916,7050.0
2023-08-06 07:31:43,39.422,600.0,0.0,96.0,185139.0,112626.0,41.938,3.459047,7042.0
2023-08-06 07:31:44,39.394,680.0,0.0,97.0,185091.0,112615.0,41.936,3.457325,7031.0
2023-08-06 07:31:45,39.373,640.0,0.0,95.0,185028.0,112618.0,41.939,3.452192,7020.0
2023-08-06 07:31:46,39.387,640.0,0.0,94.0,185020.0,112608.0,41.999,3.441962,7034.0
2023-08-06 07:31:47,39.373,680.0,0.0,93.0,185159.0,112631.0,41.946,3.448763,7088.0
2023-08-06 07:31:48,39.352,680.0,0.0,92.0,185172.0,112624.0,41.96,3.513086,7096.0
2023-08-06 07:31:49,39.439,560.0,0.0,98.0,185287.0,112640.0,42.033,3.507787,7154.0
2023-08-06 07:31:50,39.382,640.0,0.0,97.0,185359.0,112656.0,41.942,3.472837,7168.0
2023-08-06 07:31:51,39.34,640.0,0.0,99.0,185338.0,112635.0,42.028,3.440257,7144.0
2023-08-06 07:31:52,39.361,600.0,0.0,101.0,185338.0,112623.0,41.925,3.428403,7171.0
2023-08-06 07:31:53,39.361,600.0,0.0,101.0,185399.0,112642.0,41.935,3.418324,7199.0
2023-08-06 07:31:54,39.366,680.0,0.0,98.0,185298.0,112610.0,41.997,3.414974,7148.0
2023-08-06 07:31:55,39.345,600.0,0.0,97.0,185114.0,112554.0,41.989,3.827546,7072.0
2023-08-06 07:31:56,39.38,640.0,0.0,99.0,185083.0,112560.0,41.967,3.915718,7076.0
2023-08-06 07:31:57,39.387,640.0,0.0,97.0,185108.0,112581.0,41.993,3.833856,7088.0
2023-08-06 07:31:58,39.475,680.0,0.0,96.0,185120.0,112584.0,41.983,3.678093,7111.0
2023-08-06 07:31:59,39.297,0.0,0.0,0.0,184968.0,112550.0,42.011,3.626421,7029.0
